Ymd,  hhmm, g_n, g_s, a, R_n, R_s, Rr, obs, CR
1976-05-31, 21:07,   89,  -126,   108,    111,   -92,   101, 
1976-06-10, 21:07,   99,  -121,   110,    109,   -92,   101, 
1976-06-20, 21:07,  107,  -114,   111,    108,   -93,   100, 
1976-06-30, 21:07,  117,  -107,   112,    106,   -93,   100, 
1976-07-10, 21:07,  119,   -99,   109,    105,   -93,    99, 
1976-07-20, 21:07,  128,   -97,   112,    104,   -94,    99, 
1976-07-30, 21:07,  135,   -94,   114,    103,   -94,    99, 
1976-08-09, 21:07,  139,   -81,   110,    102,   -95,    98, 
1976-08-19, 21:07,  118,   -80,    99,    100,   -95,    98, 
1976-08-29, 21:07,  117,   -66,    92,     99,   -95,    97, 
1976-09-08, 21:07,  121,   -62,    91,     98,   -96,    97, 
1976-09-18, 21:07,  132,   -56,    94,     97,   -96,    97, 
1976-09-28, 21:07,  129,   -62,    96,     97,   -96,    96, 
1976-10-08, 21:07,  122,   -67,    95,     96,   -97,    96, 
1976-10-18, 21:07,  113,   -69,    91,     95,   -97,    96, 
1976-10-28, 21:07,  103,   -82,    93,     94,   -97,    96, 
1976-11-07, 21:07,   95,   -88,    91,     93,   -98,    95, 
1976-11-17, 21:07,   88,   -95,    92,     93,   -98,    95, 
1976-11-27, 21:07,   86,  -107,    97,     92,   -98,    95, 
1976-12-07, 21:07,   89,  -107,    98,     91,   -98,    95, 
1976-12-17, 21:07,   86,  -110,    98,     91,   -98,    95, 
1976-12-27, 21:07,   75,  -111,    93,     90,   -99,    94, 
1977-01-06, 21:07,   58,  -112,    85,     90,   -99,    94, 
1977-01-16, 21:07,   52,   -97,    75,     89,   -99,    94, 
1977-01-26, 21:07,   44,   -81,    62,     89,   -99,    94, 
1977-02-05, 21:07,   52,  -104,    78,     89,  -100,    94, 
1977-02-15, 21:07,   55,  -112,    83,     88,  -100,    94, 
1977-02-25, 21:07,   58,  -127,    92,     88,  -100,    94, 
1977-03-07, 21:07,   53,  -139,    96,     88,  -100,    94, 
1977-03-17, 21:07,   62,  -134,    98,     87,  -101,    94, 
1977-03-27, 21:07,   56,  -135,    95,     87,  -101,    94, 
1977-04-06, 21:07,   61,  -132,    96,     87,  -101,    94, 
1977-04-16, 21:07,   60,  -136,    98,     87,  -102,    94, 
1977-04-26, 21:07,   69,  -124,    96,     87,  -102,    94, 
1977-05-06, 21:07,   76,  -115,    96,     86,  -103,    95, 
1977-05-16, 21:07,   84,  -119,   102,     86,  -103,    95, 
1977-05-26, 21:07,   93,  -123,   108,     86,  -104,    95, 
1977-06-05, 21:07,   98,  -116,   107,     86,  -104,    95, 
1977-06-15, 21:07,   96,  -109,   102,     86,  -105,    95, 
1977-06-25, 21:07,  104,  -103,   104,     86,  -106,    96, 
1977-07-05, 21:07,  110,   -91,   100,     86,  -106,    96, 
1977-07-15, 21:07,  113,   -89,   101,     86,  -107,    96, 
1977-07-25, 21:07,  112,   -84,    98,     86,  -107,    97, 
1977-08-04, 21:07,  113,   -82,    97,     86,  -108,    97, 
1977-08-14, 21:07,  115,   -66,    91,     86,  -109,    97, 
1977-08-24, 21:07,  107,   -67,    87,     86,  -109,    98, 
1977-09-03, 21:07,  110,   -67,    88,     86,  -110,    98, 
1977-09-13, 21:07,  109,   -71,    90,     87,  -110,    98, 
1977-09-23, 21:07,  114,   -76,    95,     87,  -111,    99, 
1977-10-03, 21:07,  113,   -71,    92,     87,  -111,    99, 
1977-10-13, 21:07,  117,   -68,    93,     87,  -111,    99, 
1977-10-23, 21:07,  115,   -72,    94,     87,  -112,    99, 
1977-11-02, 21:07,  108,   -82,    95,     88,  -112,   100, 
1977-11-12, 21:07,  106,   -92,    99,     88,  -112,   100, 
1977-11-22, 21:07,  106,   -95,   100,     88,  -112,   100, 
1977-12-02, 21:07,  104,  -103,   103,     88,  -112,   100, 
1977-12-12, 21:07,   90,  -109,    99,     89,  -112,   100, 
1977-12-22, 21:07,   80,  -118,    98,     89,  -111,   100, 
1978-01-01, 21:07,   56,  -129,    93,     89,  -111,   100, 
1978-01-11, 21:07,   49,  -137,    93,     89,  -111,   100, 
1978-01-21, 21:07,   52,  -144,    98,     89,  -110,   100, 
1978-01-31, 21:07,   52,  -146,    99,     89,  -110,   100, 
1978-02-10, 21:07,   56,  -152,   104,     89,  -109,    99, 
1978-02-20, 21:07,   48,  -152,   100,     89,  -108,    99, 
1978-03-02, 21:07,   50,  -158,   104,     89,  -107,    98, 
1978-03-12, 21:07,   49,  -157,   103,     89,  -107,    98, 
1978-03-22, 21:07,   54,  -157,   105,     89,  -106,    97, 
1978-04-01, 21:07,   55,  -149,   102,     88,  -105,    97, 
1978-04-11, 21:07,   50,  -151,   101,     88,  -104,    96, 
1978-04-21, 21:07,   58,  -133,    95,     88,  -102,    95, 
1978-05-01, 21:07,   66,  -125,    96,     87,  -101,    94, 
1978-05-11, 21:07,   70,  -117,    94,     86,  -100,    93, 
1978-05-21, 21:07,   74,  -116,    95,     86,   -99,    92, 
1978-05-31, 21:07,   86,  -112,    99,     85,   -98,    91, 
1978-06-10, 21:07,   93,  -100,    96,     84,   -96,    90, 
1978-06-20, 21:07,   99,   -93,    96,     84,   -95,    89, 
1978-06-30, 21:07,  104,   -70,    87,     83,   -94,    88, 
1978-07-10, 21:07,  115,   -71,    93,     82,   -92,    87, 
1978-07-20, 21:07,  114,   -58,    86,     81,   -91,    86, 
1978-07-30, 21:07,  109,   -46,    78,     80,   -89,    85, 
1978-08-09, 21:07,  114,   -42,    78,     79,   -88,    83, 
1978-08-19, 21:07,  118,   -47,    82,     78,   -86,    82, 
1978-08-29, 21:07,  117,   -42,    80,     77,   -85,    81, 
1978-09-08, 21:07,  113,   -36,    74,     76,   -84,    80, 
1978-09-18, 21:07,  117,   -34,    76,     75,   -82,    78, 
1978-09-28, 21:07,  113,   -38,    76,     74,   -81,    77, 
1978-10-08, 21:07,  105,   -32,    69,     73,   -79,    76, 
1978-10-18, 21:07,  107,   -31,    69,     72,   -78,    75, 
1978-10-28, 21:07,  106,   -44,    75,     70,   -76,    73, 
1978-11-07, 21:07,  107,   -46,    77,     69,   -75,    72, 
1978-11-17, 21:07,   84,   -49,    67,     68,   -73,    71, 
1978-11-27, 21:07,   72,   -49,    61,     67,   -72,    69, 
1978-12-07, 21:07,   65,   -64,    64,     66,   -70,    68, 
1978-12-17, 21:07,   52,   -73,    62,     65,   -69,    67, 
1978-12-27, 21:07,   46,   -74,    60,     64,   -68,    66, 
1979-01-06, 21:07,   42,   -95,    69,     63,   -66,    64, 
1979-01-16, 21:07,   14,  -102,    58,     62,   -65,    63, 
1979-01-26, 21:07,   13,   -89,    51,     60,   -63,    62, 
1979-02-05, 21:07,   10,   -88,    49,     59,   -62,    61, 
1979-02-15, 21:07,    9,   -90,    50,     58,   -61,    59, 
1979-02-25, 21:07,   -9,   -99,    45,     57,   -59,    58, 
1979-03-07, 21:07,   -6,   -98,    46,     55,   -58,    57, 
1979-03-17, 21:07,   -0,  -106,    53,     54,   -57,    56, 
1979-03-27, 21:07,   -6,  -103,    48,     53,   -56,    54, 
1979-04-06, 21:07,   -4,   -91,    44,     52,   -54,    53, 
1979-04-16, 21:07,   -3,   -83,    40,     50,   -53,    52, 
1979-04-26, 21:07,   -2,   -78,    38,     49,   -52,    50, 
1979-05-06, 21:07,   -1,   -67,    33,     47,   -51,    49, 
1979-05-16, 21:07,   27,   -63,    45,     46,   -50,    48, 
1979-05-26, 21:07,   37,   -64,    50,     44,   -48,    46, 
1979-06-05, 21:07,   43,   -55,    49,     43,   -47,    45, 
1979-06-15, 21:07,   58,   -51,    54,     41,   -46,    44, 
1979-06-25, 21:07,   77,   -47,    62,     40,   -45,    42, 
1979-07-05, 21:07,   82,   -37,    59,     38,   -43,    41, 
1979-07-15, 21:07,   91,   -29,    60,     36,   -42,    39, 
1979-07-25, 21:07,   99,   -15,    57,     34,   -41,    38, 
1979-08-04, 21:07,   95,   -17,    56,     32,   -40,    36, 
1979-08-14, 21:07,   82,   -20,    51,     30,   -38,    34, 
1979-08-24, 21:07,   70,   -21,    45,     28,   -37,    32, 
1979-09-03, 21:07,   70,    14,    28,     26,   -36,    31, 
1979-09-13, 21:07,   66,     1,    33,     23,   -34,    29, 
1979-09-23, 21:07,   68,     1,    33,     21,   -33,    27, 
1979-10-03, 21:07,   69,   -11,    40,     19,   -31,    25, 
1979-10-13, 21:07,   62,    11,    26,     16,   -30,    23, 
1979-10-23, 21:07,   49,     6,    21,     13,   -28,    21, 
1979-11-02, 21:07,   43,    -2,    23,     10,   -27,    19, 
1979-11-12, 21:07,   46,    19,    13,      8,   -25,    17, 
1979-11-22, 21:07,   18,     9,     4,      5,   -24,    14, 
1979-12-02, 21:07,   -6,     3,    -5,      2,   -22,    12, 
1979-12-12, 21:07,  -16,    -2,    -7,     -1,   -21,    10, 
1979-12-22, 21:07,  -32,    -1,   -16,     -4,   -19,     8, 
1980-01-01, 21:07,  -34,   -17,    -8,     -8,   -18,     5, 
1980-01-11, 21:07,  -50,   -33,    -8,    -11,   -16,     3, 
1980-01-21, 21:07,  -48,   -37,    -6,    -14,   -15,     1, 
1980-01-31, 21:07,  -49,   -42,    -3,    -17,   -13,    -2, 
1980-02-10, 21:07,  -36,   -50,     7,    -20,   -12,    -4, 
1980-02-20, 21:07,  -42,   -49,     3,    -23,   -10,    -6, 
1980-03-01, 21:07,  -68,   -43,   -12,    -26,    -9,    -9, 
1980-03-11, 21:07,  -94,   -46,   -24,    -29,    -7,   -11, 
1980-03-21, 21:07,  -81,   -48,   -17,    -32,    -6,   -13, 
1980-03-31, 21:07,  -66,   -41,   -12,    -35,    -4,   -15, 
1980-04-10, 21:07,  -44,   -32,    -6,    -37,    -2,   -18, 
1980-04-20, 21:07,  -48,   -25,   -11,    -40,    -0,   -20, 
1980-04-30, 21:07,  -52,   -26,   -13,    -42,     1,   -22, 
1980-05-10, 21:07,  -61,   -26,   -18,    -44,     3,   -24, 
1980-05-20, 21:07,  -65,   -20,   -23,    -46,     5,   -26, 
1980-05-30, 21:07,  -48,    -8,   -20,    -48,     7,   -28, 
1980-06-09, 21:07,  -41,     1,   -21,    -50,     9,   -29, 
1980-06-19, 21:07,  -41,    12,   -26,    -51,    11,   -31, 
1980-06-29, 21:07,  -47,    15,   -31,    -52,    13,   -33, 
1980-07-09, 21:07,  -27,    23,   -25,    -54,    15,   -35, 
1980-07-19, 21:07,  -30,    33,   -32,    -54,    18,   -36, 
1980-07-29, 21:07,  -39,    38,   -39,    -55,    20,   -38, 
1980-08-08, 21:07,  -28,    42,   -35,    -56,    22,   -39, 
1980-08-18, 21:07,  -22,    43,   -32,    -56,    24,   -40, 
1980-08-28, 21:07,  -24,    43,   -33,    -56,    27,   -42, 
1980-09-07, 21:07,  -48,    51,   -49,    -56,    29,   -43, 
1980-09-17, 21:07,  -41,    57,   -49,    -56,    31,   -44, 
1980-09-27, 21:07,  -53,    63,   -58,    -56,    34,   -45, 
1980-10-07, 21:07,  -57,    61,   -59,    -56,    36,   -46, 
1980-10-17, 21:07,  -69,    51,   -60,    -55,    38,   -47, 
1980-10-27, 21:07,  -58,    52,   -55,    -54,    41,   -48, 
1980-11-06, 21:07,  -67,    58,   -63,    -54,    43,   -48, 
1980-11-16, 21:07,  -71,    61,   -66,    -53,    45,   -49, 
1980-11-26, 21:07,  -76,    57,   -66,    -52,    47,   -50, 
1980-12-06, 21:07,  -80,    56,   -68,    -51,    49,   -50, 
1980-12-16, 21:07,  -76,    55,   -66,    -50,    51,   -51, 
1980-12-26, 21:07,  -71,    51,   -61,    -50,    53,   -51, 
1981-01-05, 21:07,  -62,    48,   -55,    -49,    54,   -51, 
1981-01-15, 21:07,  -54,    37,   -46,    -48,    56,   -52, 
1981-01-25, 21:07,  -40,    32,   -36,    -47,    57,   -52, 
1981-02-04, 21:07,  -38,    31,   -35,    -46,    59,   -52, 
1981-02-14, 21:07,  -34,    35,   -34,    -45,    60,   -53, 
1981-02-24, 21:07,  -30,    35,   -32,    -45,    61,   -53, 
1981-03-06, 21:07,  -26,    30,   -28,    -44,    62,   -53, 
1981-03-16, 21:07,  -16,    26,   -21,    -43,    63,   -53, 
1981-03-26, 21:07,  -21,    57,   -39,    -43,    63,   -53, 
1981-04-05, 21:07,  -27,    58,   -43,    -42,    64,   -53, 
1981-04-15, 21:07,  -21,    59,   -40,    -42,    65,   -53, 
1981-04-25, 21:07,  -18,    62,   -40,    -42,    65,   -53, 
1981-05-05, 21:07,  -19,    70,   -44,    -41,    65,   -53, 
1981-05-15, 21:07,  -32,    79,   -55,    -41,    65,   -53, 
1981-05-25, 21:07,  -30,    88,   -59,    -41,    65,   -53, 
1981-06-04, 21:07,  -31,    88,   -60,    -41,    65,   -53, 
1981-06-14, 21:07,  -32,    97,   -65,    -41,    65,   -53, 
1981-06-24, 21:07,  -46,    97,   -72,    -41,    65,   -53, 
1981-07-04, 21:07,  -51,    95,   -73,    -41,    64,   -53, 
1981-07-14, 21:07,  -54,    81,   -67,    -42,    64,   -53, 
1981-07-24, 21:07,  -53,    73,   -63,    -42,    63,   -53, 
1981-08-03, 21:07,  -56,    67,   -61,    -42,    62,   -52, 
1981-08-13, 21:07,  -61,    60,   -60,    -43,    62,   -52, 
1981-08-23, 21:07,  -60,    55,   -58,    -44,    61,   -52, 
1981-09-02, 21:07,  -49,    51,   -50,    -44,    60,   -52, 
1981-09-12, 21:07,  -50,    40,   -45,    -45,    59,   -52, 
1981-09-22, 21:07,  -56,    39,   -47,    -46,    59,   -52, 
1981-10-02, 21:07,  -56,    35,   -45,    -47,    58,   -52, 
1981-10-12, 21:07,  -50,    36,   -43,    -47,    57,   -52, 
1981-10-22, 21:07,  -52,    45,   -48,    -49,    56,   -52, 
1981-11-01, 21:07,  -65,    52,   -58,    -50,    55,   -52, 
1981-11-11, 21:07,  -60,    64,   -62,    -51,    54,   -53, 
1981-11-21, 21:07,  -57,    52,   -55,    -52,    54,   -53, 
1981-12-01, 21:07,  -57,    48,   -52,    -53,    53,   -53, 
1981-12-11, 21:07,  -62,    55,   -58,    -55,    52,   -53, 
1981-12-21, 21:07,  -50,    55,   -53,    -56,    51,   -54, 
1981-12-31, 21:07,  -63,    67,   -65,    -57,    51,   -54, 
1982-01-10, 21:07,  -59,    71,   -65,    -59,    50,   -54, 
1982-01-20, 21:07,  -54,    52,   -53,    -60,    49,   -55, 
1982-01-30, 21:07,  -43,    39,   -41,    -62,    49,   -55, 
1982-02-09, 21:07,  -41,    35,   -38,    -63,    48,   -56, 
1982-02-19, 21:07,  -43,    38,   -40,    -64,    48,   -56, 
1982-03-01, 21:07,  -43,    36,   -40,    -66,    47,   -56, 
1982-03-11, 21:07,  -44,    33,   -39,    -67,    47,   -57, 
1982-03-21, 21:07,  -39,    27,   -33,    -68,    47,   -58, 
1982-03-31, 21:07,  -53,    43,   -48,    -70,    46,   -58, 
1982-04-10, 21:07,  -63,    69,   -66,    -71,    46,   -59, 
1982-04-20, 21:07,  -65,    67,   -66,    -72,    46,   -59, 
1982-04-30, 21:07,  -69,    67,   -68,    -73,    46,   -60, 
1982-05-10, 21:07,  -75,    63,   -69,    -74,    46,   -60, 
1982-05-20, 21:07,  -80,    61,   -71,    -75,    47,   -61, 
1982-05-30, 21:07,  -76,    51,   -64,    -76,    47,   -62, 
1982-06-09, 21:07,  -86,    51,   -69,    -77,    47,   -62, 
1982-06-19, 21:07,  -90,    44,   -67,    -78,    48,   -63, 
1982-06-29, 21:07,  -91,    37,   -64,    -79,    48,   -63, 
1982-07-09, 21:07,  -89,    27,   -58,    -79,    49,   -64, 
1982-07-19, 21:07,  -87,    29,   -58,    -80,    49,   -65, 
1982-07-29, 21:07,  -96,    37,   -66,    -80,    50,   -65, 
1982-08-08, 21:07,  -95,    33,   -64,    -81,    51,   -66, 
1982-08-18, 21:07, -102,    30,   -66,    -82,    52,   -67, 
1982-08-28, 21:07, -102,    31,   -67,    -82,    52,   -67, 
1982-09-07, 21:07, -104,    23,   -64,    -83,    53,   -68, 
1982-09-17, 21:07, -105,    37,   -71,    -83,    54,   -69, 
1982-09-27, 21:07, -109,    53,   -81,    -83,    55,   -69, 
1982-10-07, 21:07, -111,    57,   -84,    -84,    56,   -70, 
1982-10-17, 21:07, -107,    56,   -82,    -84,    57,   -71, 
1982-10-27, 21:07, -112,    59,   -86,    -85,    58,   -72, 
1982-11-06, 21:07, -112,    68,   -90,    -85,    59,   -72, 
1982-11-16, 21:07, -117,    71,   -94,    -86,    60,   -73, 
1982-11-26, 21:07,  -99,    78,   -89,    -87,    61,   -74, 
1982-12-06, 21:07,  -89,    98,   -94,    -87,    63,   -75, 
1982-12-16, 21:07,  -88,   100,   -94,    -88,    64,   -76, 
1982-12-26, 21:07,  -74,    88,   -81,    -88,    65,   -77, 
1983-01-05, 21:07,  -70,    92,   -81,    -89,    66,   -77, 
1983-01-15, 21:07,  -59,    98,   -78,    -90,    67,   -78, 
1983-01-25, 21:07,  -50,    88,   -69,    -90,    68,   -79, 
1983-02-04, 21:07,  -63,    85,   -74,    -91,    69,   -80, 
1983-02-14, 21:07,  -66,    85,   -75,    -92,    70,   -81, 
1983-02-24, 21:07,  -85,    89,   -87,    -92,    71,   -82, 
1983-03-06, 21:07,  -54,    70,   -62,    -93,    72,   -83, 
1983-03-16, 21:07,  -40,    60,   -50,    -94,    73,   -84, 
1983-03-26, 21:07,  -38,    52,   -45,    -94,    75,   -84, 
1983-04-05, 21:07,  -40,    52,   -46,    -95,    76,   -85, 
1983-04-15, 21:07,  -41,    50,   -45,    -96,    77,   -86, 
1983-04-25, 21:07,  -50,    54,   -52,    -96,    78,   -87, 
1983-05-05, 21:07,  -57,    50,   -54,    -97,    79,   -88, 
1983-05-15, 21:07,  -82,    90,   -86,    -98,    81,   -89, 
1983-05-25, 21:07,  -87,   104,   -95,    -98,    82,   -90, 
1983-06-04, 21:07, -102,   110,  -106,    -99,    83,   -91, 
1983-06-14, 21:07, -117,    93,  -105,   -100,    85,   -92, 
1983-06-24, 21:07, -122,    96,  -109,   -100,    86,   -93, 
1983-07-04, 21:07, -129,   100,  -114,   -101,    88,   -94, 
1983-07-14, 21:07, -130,   103,  -117,   -102,    89,   -95, 
1983-07-24, 21:07, -144,    94,  -119,   -102,    90,   -96, 
1983-08-03, 21:07, -143,    86,  -115,   -103,    92,   -97, 
1983-08-13, 21:07, -162,    79,  -120,   -103,    93,   -98, 
1983-08-23, 21:07, -153,    74,  -114,   -104,    95,   -99, 
1983-09-02, 21:07, -156,    66,  -111,   -104,    96,  -100, 
1983-09-12, 21:07, -151,    63,  -107,   -105,    97,  -101, 
1983-09-22, 21:07, -149,    59,  -104,   -105,    99,  -102, 
1983-10-02, 21:07, -137,    71,  -104,   -106,   100,  -103, 
1983-10-12, 21:07, -137,    75,  -106,   -106,   101,  -104, 
1983-10-22, 21:07, -133,    86,  -109,   -107,   103,  -105, 
1983-11-01, 21:07, -134,    82,  -108,   -107,   104,  -106, 
1983-11-11, 21:07, -117,    98,  -107,   -108,   105,  -106, 
1983-11-21, 21:07, -115,   111,  -113,   -108,   106,  -107, 
1983-12-01, 21:07, -117,   120,  -118,   -108,   108,  -108, 
1983-12-11, 21:07, -108,   128,  -118,   -109,   109,  -109, 
1983-12-21, 21:07,  -77,   124,  -100,   -109,   110,  -109, 
1983-12-31, 21:07,  -88,   124,  -106,   -109,   111,  -110, 
1984-01-10, 21:07,  -84,   126,  -105,   -110,   112,  -111, 
1984-01-20, 21:07,  -80,   134,  -107,   -110,   113,  -111, 
1984-01-30, 21:07,  -70,   139,  -105,   -110,   114,  -112, 
1984-02-09, 21:07,  -70,   144,  -107,   -110,   115,  -113, 
1984-02-19, 21:07,  -65,   144,  -105,   -110,   116,  -113, 
1984-02-29, 21:07,  -63,   145,  -104,   -110,   117,  -114, 
1984-03-10, 21:07,  -69,   141,  -105,   -110,   118,  -114, 
1984-03-20, 21:07,  -70,   146,  -108,   -111,   119,  -115, 
1984-03-30, 21:07,  -71,   144,  -107,   -111,   120,  -115, 
1984-04-09, 21:07,  -71,   143,  -107,   -111,   122,  -116, 
1984-04-19, 21:07,  -86,   136,  -111,   -111,   123,  -117, 
1984-04-29, 21:07,  -87,   135,  -111,   -110,   124,  -117, 
1984-05-09, 21:07,  -87,   129,  -108,   -110,   125,  -118, 
1984-05-19, 21:07,  -96,   123,  -109,   -110,   126,  -118, 
1984-05-29, 21:07, -107,   118,  -112,   -110,   127,  -119, 
1984-06-08, 21:07, -117,   119,  -118,   -110,   128,  -119, 
1984-06-18, 21:07, -116,   117,  -117,   -110,   129,  -120, 
1984-06-28, 21:07, -126,   115,  -120,   -110,   130,  -120, 
1984-07-08, 21:07, -138,   123,  -130,   -110,   131,  -121, 
1984-07-18, 21:07, -141,   124,  -132,   -110,   133,  -121, 
1984-07-28, 21:07, -141,   120,  -131,   -110,   134,  -122, 
1984-08-07, 21:07, -146,   109,  -127,   -110,   135,  -122, 
1984-08-17, 21:07, -148,   102,  -125,   -110,   136,  -123, 
1984-08-27, 21:07, -156,    95,  -126,   -110,   137,  -123, 
1984-09-06, 21:07, -156,    93,  -125,   -110,   138,  -124, 
1984-09-16, 21:07, -160,    99,  -130,   -110,   139,  -124, 
1984-09-26, 21:07, -156,   109,  -132,   -110,   140,  -125, 
1984-10-06, 21:07, -157,   109,  -133,   -110,   140,  -125, 
1984-10-16, 21:07, -132,   117,  -125,   -110,   141,  -126, 
1984-10-26, 21:07, -128,   118,  -123,   -110,   142,  -126, 
1984-11-05, 21:07, -124,   128,  -126,   -110,   143,  -127, 
1984-11-15, 21:07, -126,   123,  -124,   -111,   144,  -127, 
1984-11-25, 21:07, -119,   139,  -129,   -111,   144,  -127, 
1984-12-05, 21:07, -103,   142,  -123,   -111,   145,  -128, 
1984-12-15, 21:07,  -97,   152,  -125,   -111,   145,  -128, 
1984-12-25, 21:07,  -95,   156,  -125,   -111,   146,  -129, 
1985-01-04, 21:07,  -94,   163,  -129,   -111,   146,  -129, 
1985-01-14, 21:07,  -93,   174,  -133,   -112,   147,  -129, 
1985-01-24, 21:07,  -80,   188,  -134,   -112,   147,  -130, 
1985-02-03, 21:07,  -67,   192,  -130,   -112,   148,  -130, 
1985-02-13, 21:07,  -61,   188,  -124,   -112,   148,  -130, 
1985-02-23, 21:07,  -64,   184,  -124,   -112,   148,  -130, 
1985-03-05, 21:07,  -66,   184,  -125,   -112,   148,  -130, 
1985-03-15, 21:07,  -74,   182,  -128,   -112,   148,  -130, 
1985-03-25, 21:07,  -70,   178,  -124,   -112,   149,  -130, 
1985-04-04, 21:07,  -72,   176,  -124,   -112,   149,  -131, 
1985-04-14, 21:07,  -81,   181,  -131,   -112,   149,  -131, 
1985-04-24, 21:07,  -92,   174,  -133,   -112,   149,  -131, 
1985-05-04, 21:07,  -94,   171,  -132,   -112,   149,  -131, 
1985-05-14, 21:07,  -99,   164,  -132,   -112,   149,  -131, 
1985-05-24, 21:07, -107,   166,  -137,   -112,   149,  -131, 
1985-06-03, 21:07, -115,   159,  -137,   -112,   149,  -131, 
1985-06-13, 21:07, -120,   154,  -137,   -112,   149,  -131, 
1985-06-23, 21:07, -124,   147,  -136,   -112,   149,  -131, 
1985-07-03, 21:07, -133,   139,  -136,   -112,   149,  -131, 
1985-07-13, 21:07, -136,   129,  -133,   -112,   149,  -131, 
1985-07-23, 21:07, -142,   122,  -132,   -112,   149,  -130, 
1985-08-02, 21:07, -150,   117,  -133,   -112,   149,  -130, 
1985-08-12, 21:07, -154,   107,  -131,   -112,   149,  -130, 
1985-08-22, 21:07, -154,    99,  -127,   -112,   148,  -130, 
1985-09-01, 21:07, -161,    96,  -128,   -112,   148,  -130, 
1985-09-11, 21:07, -161,    92,  -126,   -112,   148,  -130, 
1985-09-21, 21:07, -156,    96,  -126,   -112,   148,  -130, 
1985-10-01, 21:07, -146,    99,  -123,   -112,   148,  -130, 
1985-10-11, 21:07, -153,   103,  -128,   -112,   147,  -130, 
1985-10-21, 21:07, -152,   106,  -129,   -113,   147,  -130, 
1985-10-31, 21:07, -142,   110,  -126,   -113,   147,  -130, 
1985-11-10, 21:07, -129,   122,  -126,   -113,   147,  -130, 
1985-11-20, 21:07, -122,   128,  -125,   -113,   146,  -130, 
1985-11-30, 21:07,  -96,   142,  -119,   -113,   146,  -130, 
1985-12-10, 21:07,  -94,   154,  -124,   -113,   146,  -130, 
1985-12-20, 21:07,  -95,   153,  -124,   -113,   146,  -129, 
1985-12-30, 21:07,  -86,   173,  -129,   -113,   145,  -129, 
1986-01-09, 21:07,  -73,   176,  -125,   -113,   145,  -129, 
1986-01-19, 21:07,  -70,   182,  -126,   -114,   145,  -129, 
1986-01-29, 21:07,  -76,   169,  -123,   -114,   145,  -129, 
1986-02-08, 21:07,  -85,   176,  -131,   -114,   144,  -129, 
1986-02-18, 21:07,  -80,   186,  -133,   -114,   144,  -129, 
1986-02-28, 21:07,  -79,   192,  -135,   -114,   144,  -129, 
1986-03-10, 21:07,  -74,   185,  -129,   -114,   144,  -129, 
1986-03-20, 21:07,  -77,   184,  -131,   -114,   144,  -129, 
1986-03-30, 21:07,  -82,   182,  -132,   -114,   143,  -129, 
1986-04-09, 21:07,  -89,   183,  -136,   -114,   143,  -129, 
1986-04-19, 21:07,  -93,   173,  -133,   -114,   143,  -129, 
1986-04-29, 21:07,  -94,   174,  -134,   -114,   143,  -128, 
1986-05-09, 21:07, -101,   170,  -135,   -114,   143,  -128, 
1986-05-19, 21:07, -107,   169,  -138,   -114,   143,  -128, 
1986-05-29, 21:07, -115,   166,  -140,   -114,   143,  -128, 
1986-06-08, 21:07, -124,   152,  -138,   -114,   143,  -128, 
1986-06-18, 21:07, -128,   141,  -135,   -114,   143,  -128, 
1986-06-28, 21:07, -133,   128,  -131,   -114,   143,  -128, 
1986-07-08, 21:07, -128,   130,  -129,   -114,   143,  -128, 
1986-07-18, 21:07, -137,   120,  -129,   -114,   142,  -128, 
1986-07-28, 21:07, -146,    95,  -120,   -114,   142,  -128, 
1986-08-07, 21:07, -143,    91,  -117,   -114,   142,  -128, 
1986-08-17, 21:07, -132,    82,  -107,   -114,   142,  -128, 
1986-08-27, 21:07, -133,    83,  -108,   -114,   142,  -128, 
1986-09-06, 21:07, -137,    91,  -114,   -114,   141,  -128, 
1986-09-16, 21:07, -147,    95,  -121,   -114,   141,  -128, 
1986-09-26, 21:07, -160,    98,  -129,   -115,   141,  -128, 
1986-10-06, 21:07, -153,    99,  -126,   -115,   140,  -128, 
1986-10-16, 21:07, -146,   101,  -124,   -115,   140,  -127, 
1986-10-26, 21:07, -133,   107,  -120,   -115,   139,  -127, 
1986-11-05, 21:07, -139,   112,  -125,   -116,   139,  -127, 
1986-11-15, 21:07, -136,   120,  -128,   -116,   138,  -127, 
1986-11-25, 21:07, -127,   134,  -131,   -116,   138,  -127, 
1986-12-05, 21:07, -123,   137,  -130,   -116,   137,  -127, 
1986-12-15, 21:07, -109,   138,  -124,   -117,   136,  -126, 
1986-12-25, 21:07, -102,   146,  -124,   -117,   136,  -126, 
1987-01-04, 21:07,  -93,   150,  -122,   -117,   135,  -126, 
1987-01-14, 21:07,  -98,   157,  -127,   -117,   134,  -126, 
1987-01-24, 21:07,  -83,   159,  -121,   -117,   133,  -125, 
1987-02-03, 21:07,  -77,   167,  -122,   -117,   133,  -125, 
1987-02-13, 21:07,  -79,   171,  -125,   -117,   132,  -125, 
1987-02-23, 21:07,  -80,   171,  -126,   -117,   131,  -124, 
1987-03-05, 21:07,  -76,   184,  -130,   -117,   130,  -124, 
1987-03-15, 21:07,  -83,   184,  -134,   -117,   130,  -123, 
1987-03-25, 21:07,  -79,   184,  -132,   -117,   129,  -123, 
1987-04-04, 21:07,  -88,   169,  -129,   -117,   128,  -123, 
1987-04-14, 21:07,  -89,   161,  -125,   -117,   127,  -122, 
1987-04-24, 21:07,  -98,   159,  -129,   -117,   127,  -122, 
1987-05-04, 21:07,  -97,   158,  -128,   -116,   126,  -121, 
1987-05-14, 21:07, -102,   159,  -130,   -116,   125,  -120, 
1987-05-24, 21:07, -114,   138,  -126,   -116,   124,  -120, 
1987-06-03, 21:07, -118,   134,  -126,   -115,   123,  -119, 
1987-06-13, 21:07, -121,   124,  -122,   -115,   123,  -119, 
1987-06-23, 21:07, -127,   125,  -126,   -114,   122,  -118, 
1987-07-03, 21:07, -134,   106,  -120,   -114,   121,  -117, 
1987-07-13, 21:07, -138,   100,  -119,   -114,   120,  -117, 
1987-07-23, 21:07, -135,    92,  -114,   -113,   119,  -116, 
1987-08-02, 21:07, -144,    74,  -110,   -113,   118,  -116, 
1987-08-12, 21:07, -140,    74,  -107,   -113,   117,  -115, 
1987-08-22, 21:07, -138,    75,  -106,   -112,   116,  -114, 
1987-09-01, 21:07, -139,    60,   -99,   -112,   115,  -114, 
1987-09-11, 21:07, -144,    55,  -100,   -112,   114,  -113, 
1987-09-21, 21:07, -144,    55,   -99,   -111,   113,  -112, 
1987-10-01, 21:07, -143,    60,  -102,   -111,   112,  -111, 
1987-10-11, 21:07, -139,    61,  -100,   -111,   111,  -111, 
1987-10-21, 21:07, -142,    56,   -99,   -110,   110,  -110, 
1987-10-31, 21:07, -134,    74,  -104,   -110,   109,  -109, 
1987-11-10, 21:07, -131,    76,  -104,   -110,   107,  -109, 
1987-11-20, 21:07, -125,    92,  -109,   -109,   106,  -108, 
1987-11-30, 21:07, -119,    86,  -103,   -109,   105,  -107, 
1987-12-10, 21:07, -104,   102,  -103,   -109,   104,  -106, 
1987-12-20, 21:07,  -92,    91,   -92,   -108,   103,  -105, 
1987-12-30, 21:07,  -80,   113,   -97,   -108,   102,  -105, 
1988-01-09, 21:07,  -62,   146,  -104,   -107,   101,  -104, 
1988-01-19, 21:07,  -63,   156,  -110,   -107,    99,  -103, 
1988-01-29, 21:07,  -69,   152,  -111,   -106,    98,  -102, 
1988-02-08, 21:07,  -70,   147,  -109,   -105,    97,  -101, 
1988-02-18, 21:07,  -66,   143,  -104,   -104,    96,  -100, 
1988-02-28, 21:07,  -62,   149,  -105,   -103,    95,   -99, 
1988-03-09, 21:07,  -65,   143,  -104,   -103,    94,   -98, 
1988-03-19, 21:07,  -63,   144,  -104,   -101,    93,   -97, 
1988-03-29, 21:07,  -64,   137,  -100,   -100,    92,   -96, 
1988-04-08, 21:07,  -61,   135,   -98,    -99,    91,   -95, 
1988-04-18, 21:07,  -66,   106,   -86,    -98,    90,   -94, 
1988-04-28, 21:07,  -73,   109,   -91,    -97,    90,   -93, 
1988-05-08, 21:07,  -77,   121,   -99,    -95,    89,   -92, 
1988-05-18, 21:07,  -87,   111,   -99,    -94,    88,   -91, 
1988-05-28, 21:07, -105,    92,   -98,    -92,    87,   -89, 
1988-06-07, 21:07, -111,    81,   -96,    -90,    86,   -88, 
1988-06-17, 21:07, -122,    84,  -103,    -89,    85,   -87, 
1988-06-27, 21:07, -109,    76,   -92,    -87,    85,   -86, 
1988-07-07, 21:07, -104,    50,   -77,    -85,    84,   -84, 
1988-07-17, 21:07, -100,    44,   -72,    -83,    83,   -83, 
1988-07-27, 21:07, -104,    44,   -74,    -81,    82,   -82, 
1988-08-06, 21:07, -119,    39,   -79,    -79,    81,   -80, 
1988-08-16, 21:07, -112,    25,   -68,    -77,    80,   -79, 
1988-08-26, 21:07, -116,    16,   -66,    -75,    79,   -77, 
1988-09-05, 21:07, -115,    28,   -72,    -73,    79,   -76, 
1988-09-15, 21:07, -119,    34,   -76,    -71,    78,   -74, 
1988-09-25, 21:07, -112,    43,   -78,    -69,    77,   -73, 
1988-10-05, 21:07, -108,    38,   -73,    -67,    76,   -71, 
1988-10-15, 21:07, -101,    53,   -77,    -65,    75,   -70, 
1988-10-25, 21:07, -102,    58,   -80,    -63,    74,   -68, 
1988-11-04, 21:07,  -99,    57,   -78,    -61,    72,   -67, 
1988-11-14, 21:07,  -92,    54,   -73,    -59,    71,   -65, 
1988-11-24, 21:07,  -65,    67,   -66,    -57,    70,   -64, 
1988-12-04, 21:07,  -63,    62,   -63,    -55,    69,   -62, 
1988-12-14, 21:07,  -58,    62,   -60,    -53,    68,   -61, 
1988-12-24, 21:07,  -16,    68,   -42,    -51,    66,   -59, 
1989-01-03, 21:07,    3,    72,   -34,    -50,    65,   -57, 
1989-01-13, 21:07,   26,    78,   -26,    -48,    64,   -56, 
1989-01-23, 21:07,    6,    94,   -44,    -46,    62,   -54, 
1989-02-02, 21:07,   12,   105,   -46,    -44,    61,   -53, 
1989-02-12, 21:07,   -2,    99,   -50,    -43,    59,   -51, 
1989-02-22, 21:07,  -22,    91,   -57,    -41,    58,   -50, 
1989-03-04, 21:07,  -17,    94,   -56,    -40,    56,   -48, 
1989-03-14, 21:07,   -2,   100,   -51,    -38,    55,   -46, 
1989-03-24, 21:07,   19,    88,   -34,    -37,    53,   -45, 
1989-04-03, 21:07,   31,    97,   -33,    -35,    51,   -43, 
1989-04-13, 21:07,   33,    99,   -33,    -34,    49,   -42, 
1989-04-23, 21:07,   35,    98,   -31,    -33,    48,   -40, 
1989-05-03, 21:07,    7,    80,   -36,    -32,    46,   -39, 
1989-05-13, 21:07,   -6,    69,   -37,    -30,    44,   -37, 
1989-05-23, 21:07,  -34,    72,   -53,    -29,    42,   -36, 
1989-06-02, 21:07,  -46,    36,   -41,    -28,    40,   -34, 
1989-06-12, 21:07,  -39,    23,   -31,    -27,    38,   -33, 
1989-06-22, 21:07,  -40,    27,   -33,    -26,    36,   -31, 
1989-07-02, 21:07,  -42,    29,   -35,    -25,    34,   -30, 
1989-07-12, 21:07,  -66,    23,   -44,    -24,    32,   -28, 
1989-07-22, 21:07,  -71,    20,   -46,    -23,    30,   -27, 
1989-08-01, 21:07,  -74,    10,   -42,    -22,    28,   -25, 
1989-08-11, 21:07,  -66,     3,   -35,    -21,    26,   -24, 
1989-08-21, 21:07,  -68,   -12,   -28,    -20,    24,   -22, 
1989-08-31, 21:07,  -86,   -14,   -36,    -19,    22,   -21, 
1989-09-10, 21:07,  -79,   -18,   -31,    -18,    20,   -19, 
1989-09-20, 21:07,  -66,   -24,   -21,    -17,    18,   -18, 
1989-09-30, 21:07,  -39,   -14,   -13,    -16,    17,   -16, 
1989-10-10, 21:07,  -42,    -6,   -18,    -15,    15,   -15, 
1989-10-20, 21:07,  -20,    -3,    -8,    -13,    13,   -13, 
1989-10-30, 21:07,  -27,    -5,   -11,    -12,    12,   -12, 
1989-11-09, 21:07,  -31,   -18,    -7,    -11,    10,   -10, 
1989-11-19, 21:07,  -43,   -15,   -14,     -9,     9,    -9, 
1989-11-29, 21:07,  -25,   -10,    -8,     -8,     7,    -8, 
1989-12-09, 21:07,   -7,    13,   -10,     -6,     6,    -6, 
1989-12-19, 21:07,   12,     3,     5,     -5,     5,    -5, 
1989-12-29, 21:07,   32,     4,    14,     -3,     4,    -4, 
1990-01-08, 21:07,   42,     6,    18,     -1,     4,    -3, 
1990-01-18, 21:07,    5,     5,     0,      0,     3,    -1, 
1990-01-28, 21:07,   41,    25,     8,      2,     3,    -0, 
1990-02-07, 21:07,   57,    29,    14,      4,     3,     1, 
1990-02-17, 21:07,   71,    34,    19,      6,     2,     2, 
1990-02-27, 21:07,   78,    24,    27,      8,     2,     3, 
1990-03-09, 21:07,   14,    20,    -3,     10,     3,     3, 
1990-03-19, 21:07,  -12,     7,   -10,     11,     3,     4, 
1990-03-29, 21:07,    1,     9,    -4,     13,     3,     5, 
1990-04-08, 21:07,   17,    10,     4,     15,     4,     6, 
1990-04-18, 21:07,   22,    15,     3,     17,     5,     6, 
1990-04-28, 21:07,   33,    18,     7,     19,     5,     7, 
1990-05-08, 21:07,   36,    23,     7,     20,     6,     7, 
1990-05-18, 21:07,   45,    27,     9,     22,     7,     7, 
1990-05-28, 21:07,   20,    22,    -1,     24,     8,     8, 
1990-06-07, 21:07,   21,    24,    -1,     25,     9,     8, 
1990-06-17, 21:07,   38,    16,    11,     26,    10,     8, 
1990-06-27, 21:07,   19,     0,    10,     28,    11,     8, 
1990-07-07, 21:07,   11,   -21,    16,     29,    12,     8, 
1990-07-17, 21:07,    4,   -12,     8,     30,    13,     9, 
1990-07-27, 21:07,   19,   -17,    18,     31,    14,     9, 
1990-08-06, 21:07,   14,     3,     5,     32,    15,     9, 
1990-08-16, 21:07,   19,    14,     3,     33,    16,     9, 
1990-08-26, 21:07,   24,    23,     0,     34,    17,     9, 
1990-09-05, 21:07,   29,    13,     8,     35,    17,     9, 
1990-09-15, 21:07,   22,    -0,    11,     36,    18,     9, 
1990-09-25, 21:07,   22,    -7,    14,     37,    18,     9, 
1990-10-05, 21:07,   40,    19,    11,     37,    19,     9, 
1990-10-15, 21:07,   40,    11,    14,     38,    19,     9, 
1990-10-25, 21:07,   52,    11,    20,     39,    19,    10, 
1990-11-04, 21:07,   48,    -4,    26,     39,    19,    10, 
1990-11-14, 21:07,   57,    -6,    32,     40,    19,    10, 
1990-11-24, 21:07,   46,   -13,    30,     40,    18,    11, 
1990-12-04, 21:07,   47,     4,    21,     41,    18,    12, 
1990-12-14, 21:07,   51,    14,    19,     41,    17,    12, 
1990-12-24, 21:07,   46,    22,    12,     42,    16,    13, 
1991-01-03, 21:07,   51,    28,    11,     43,    15,    14, 
1991-01-13, 21:07,   48,    43,     3,     43,    14,    15, 
1991-01-23, 21:07,   43,    43,     0,     44,    13,    16, 
1991-02-02, 21:07,   43,    24,    10,     45,    11,    17, 
1991-02-12, 21:07,   39,    31,     4,     46,    10,    18, 
1991-02-22, 21:07,   47,    39,     4,     47,     8,    19, 
1991-03-04, 21:07,   48,    42,     3,     48,     6,    21, 
1991-03-14, 21:07,   52,    32,    10,     49,     4,    22, 
1991-03-24, 21:07,   35,    15,    10,     50,     2,    24, 
1991-04-03, 21:07,   33,     8,    13,     51,    -1,    26, 
1991-04-13, 21:07,   32,     8,    12,     52,    -3,    28, 
1991-04-23, 21:07,   35,    12,    12,     53,    -6,    29, 
1991-05-03, 21:07,   31,    13,     9,     54,    -8,    31, 
1991-05-13, 21:07,   45,     6,    20,     56,   -11,    33, 
1991-05-23, 21:07,   50,     2,    24,     57,   -14,    35, 
1991-06-02, 21:07,   52,    -3,    28,     58,   -17,    37, 
1991-06-12, 21:07,   57,   -10,    33,     60,   -20,    40, 
1991-06-22, 21:07,   63,   -22,    42,     61,   -23,    42, 
1991-07-02, 21:07,   74,   -24,    49,     62,   -26,    44, 
1991-07-12, 21:07,   73,   -38,    56,     64,   -29,    46, 
1991-07-22, 21:07,   75,   -44,    60,     65,   -32,    48, 
1991-08-01, 21:07,   70,   -57,    64,     67,   -35,    51, 
1991-08-11, 21:07,   77,   -57,    67,     68,   -38,    53, 
1991-08-21, 21:07,   72,   -53,    63,     70,   -41,    55, 
1991-08-31, 21:07,   76,   -70,    73,     71,   -43,    57, 
1991-09-10, 21:07,   72,   -81,    77,     73,   -46,    60, 
1991-09-20, 21:07,   66,   -82,    74,     74,   -49,    62, 
1991-09-30, 21:07,   69,   -88,    78,     76,   -52,    64, 
1991-10-10, 21:07,   74,   -85,    79,     77,   -55,    66, 
1991-10-20, 21:07,   82,   -84,    83,     79,   -57,    68, 
1991-10-30, 21:07,   86,   -84,    85,     80,   -60,    70, 
1991-11-09, 21:07,   82,   -80,    81,     82,   -63,    72, 
1991-11-19, 21:07,   81,   -80,    80,     83,   -65,    74, 
1991-11-29, 21:07,   96,   -66,    81,     85,   -67,    76, 
1991-12-09, 21:07,   98,   -70,    84,     86,   -70,    78, 
1991-12-19, 21:07,  112,   -82,    97,     87,   -72,    80, 
1991-12-29, 21:07,  102,   -69,    86,     89,   -74,    81, 
1992-01-08, 21:07,  100,   -72,    86,     90,   -76,    83, 
1992-01-18, 21:07,  102,   -67,    84,     91,   -78,    84, 
1992-01-28, 21:07,   82,   -71,    77,     92,   -80,    86, 
1992-02-07, 21:07,   70,   -63,    67,     93,   -82,    87, 
1992-02-17, 21:07,   66,   -90,    78,     94,   -84,    89, 
1992-02-27, 21:07,   67,   -87,    77,     95,   -85,    90, 
1992-03-08, 21:07,   78,   -82,    80,     96,   -87,    91, 
1992-03-18, 21:07,   92,   -75,    84,     96,   -89,    93, 
1992-03-28, 21:07,   92,   -74,    83,     97,   -91,    94, 
1992-04-07, 21:07,   86,   -77,    82,     97,   -92,    95, 
1992-04-17, 21:07,   83,   -77,    80,     98,   -94,    96, 
1992-04-27, 21:07,   76,   -83,    80,     98,   -96,    97, 
1992-05-07, 21:07,   85,   -93,    89,     98,   -97,    98, 
1992-05-17, 21:07,   92,   -91,    91,     98,   -99,    99, 
1992-05-27, 21:07,  101,   -99,   100,     98,  -101,    99, 
1992-06-06, 21:07,  101,   -94,    97,     98,  -103,   100, 
1992-06-16, 21:07,   99,   -95,    97,     97,  -104,   101, 
1992-06-26, 21:07,  108,   -87,    98,     97,  -106,   102, 
1992-07-06, 21:07,  108,   -74,    91,     97,  -108,   102, 
1992-07-16, 21:07,  111,   -94,   103,     96,  -109,   103, 
1992-07-26, 21:07,  109,  -103,   106,     96,  -111,   103, 
1992-08-05, 21:07,  107,  -115,   111,     95,  -113,   104, 
1992-08-15, 21:07,   98,  -116,   107,     94,  -114,   104, 
1992-08-25, 21:07,  101,  -107,   104,     93,  -116,   105, 
1992-09-04, 21:07,  116,  -108,   112,     93,  -117,   105, 
1992-09-14, 21:07,  125,  -112,   118,     92,  -119,   105, 
1992-09-24, 21:07,  126,  -116,   121,     91,  -120,   105, 
1992-10-04, 21:07,  119,  -123,   121,     90,  -121,   106, 
1992-10-14, 21:07,  114,  -121,   118,     89,  -123,   106, 
1992-10-24, 21:07,  105,  -121,   113,     88,  -124,   106, 
1992-11-03, 21:07,  102,  -112,   107,     87,  -125,   106, 
1992-11-13, 21:07,   96,  -115,   105,     86,  -126,   106, 
1992-11-23, 21:07,   94,  -117,   106,     85,  -127,   106, 
1992-12-03, 21:07,   87,  -127,   107,     85,  -127,   106, 
1992-12-13, 21:07,   71,  -135,   103,     84,  -128,   106, 
1992-12-23, 21:07,   61,  -147,   104,     83,  -129,   106, 
1993-01-02, 21:07,   51,  -149,   100,     82,  -129,   106, 
1993-01-12, 21:07,   47,  -144,    95,     81,  -130,   105, 
1993-01-22, 21:07,   56,  -142,    99,     81,  -130,   105, 
1993-02-01, 21:07,   54,  -145,    99,     80,  -130,   105, 
1993-02-11, 21:07,   61,  -153,   107,     79,  -130,   105, 
1993-02-21, 21:07,   49,  -167,   108,     79,  -130,   104, 
1993-03-03, 21:07,   44,  -149,    96,     78,  -130,   104, 
1993-03-13, 21:07,   44,  -155,   100,     78,  -130,   104, 
1993-03-23, 21:07,   49,  -154,   102,     77,  -129,   103, 
1993-04-02, 21:07,   51,  -153,   102,     77,  -129,   103, 
1993-04-12, 21:07,   48,  -151,   100,     76,  -129,   103, 
1993-04-22, 21:07,   50,  -145,    98,     76,  -128,   102, 
1993-05-02, 21:07,   63,  -148,   105,     76,  -128,   102, 
1993-05-12, 21:07,   72,  -143,   108,     75,  -127,   101, 
1993-05-22, 21:07,   75,  -126,   101,     75,  -127,   101, 
1993-06-01, 21:07,   80,  -122,   101,     75,  -127,   101, 
1993-06-11, 21:07,   84,  -106,    95,     75,  -126,   100, 
1993-06-21, 21:07,   91,  -117,   104,     75,  -126,   100, 
1993-07-01, 21:07,   92,  -112,   102,     74,  -125,   100, 
1993-07-11, 21:07,  108,  -110,   109,     74,  -125,   100, 
1993-07-21, 21:07,  100,   -97,    99,     74,  -124,    99, 
1993-07-31, 21:07,   98,   -99,    98,     74,  -124,    99, 
1993-08-10, 21:07,   99,   -99,    99,     74,  -124,    99, 
1993-08-20, 21:07,  102,   -93,    97,     74,  -124,    99, 
1993-08-30, 21:07,  102,   -89,    96,     75,  -123,    99, 
1993-09-09, 21:07,  103,   -81,    92,     75,  -123,    99, 
1993-09-19, 21:07,  107,   -86,    97,     75,  -123,    99, 
1993-09-29, 21:07,  109,   -83,    96,     75,  -123,    99, 
1993-10-09, 21:07,  101,   -92,    97,     75,  -123,    99, 
1993-10-19, 21:07,   89,   -90,    90,     76,  -123,    99, 
1993-10-29, 21:07,   86,   -89,    88,     76,  -123,    99, 
1993-11-08, 21:07,   83,   -90,    87,     76,  -123,    99, 
1993-11-18, 21:07,   75,   -94,    85,     76,  -123,   100, 
1993-11-28, 21:07,   68,   -96,    82,     77,  -123,   100, 
1993-12-08, 21:07,   66,  -114,    90,     77,  -123,   100, 
1993-12-18, 21:07,   58,  -117,    88,     77,  -123,   100, 
1993-12-28, 21:07,   60,  -132,    96,     78,  -123,   100, 
1994-01-07, 21:07,   66,  -165,   116,     78,  -123,   101, 
1994-01-17, 21:07,   66,  -163,   114,     78,  -123,   101, 
1994-01-27, 21:07,   61,  -160,   110,     79,  -123,   101, 
1994-02-06, 21:07,   55,  -156,   106,     79,  -124,   101, 
1994-02-16, 21:07,   52,  -160,   106,     79,  -124,   101, 
1994-02-26, 21:07,   54,  -157,   106,     80,  -124,   102, 
1994-03-08, 21:07,   52,  -157,   104,     80,  -124,   102, 
1994-03-18, 21:07,   52,  -159,   106,     80,  -124,   102, 
1994-03-28, 21:07,   53,  -161,   107,     80,  -124,   102, 
1994-04-07, 21:07,   63,  -172,   117,     81,  -124,   103, 
1994-04-17, 21:07,   72,  -171,   121,     81,  -125,   103, 
1994-04-27, 21:07,   75,  -174,   125,     81,  -125,   103, 
1994-05-07, 21:07,   82,  -154,   118,     81,  -125,   103, 
1994-05-17, 21:07,   81,  -150,   115,     82,  -125,   103, 
1994-05-27, 21:07,   74,  -135,   104,     82,  -125,   103, 
1994-06-06, 21:07,   80,  -131,   106,     82,  -125,   103, 
1994-06-16, 21:07,   83,  -121,   102,     82,  -125,   103, 
1994-06-26, 21:07,  100,  -117,   108,     82,  -125,   104, 
1994-07-06, 21:07,   92,   -90,    91,     83,  -125,   104, 
1994-07-16, 21:07,   99,   -85,    92,     83,  -124,   104, 
1994-07-26, 21:07,   99,   -86,    92,     83,  -124,   104, 
1994-08-05, 21:07,  107,   -97,   102,     84,  -124,   104, 
1994-08-15, 21:07,  100,   -84,    92,     84,  -124,   104, 
1994-08-25, 21:07,  117,  -101,   109,     84,  -124,   104, 
1994-09-04, 21:07,  123,   -86,   104,     84,  -123,   104, 
1994-09-14, 21:07,  122,   -82,   102,     85,  -123,   104, 
1994-09-24, 21:07,  117,   -78,    98,     85,  -123,   104, 
1994-10-04, 21:07,  106,   -80,    93,     86,  -122,   104, 
1994-10-14, 21:07,  100,   -87,    93,     86,  -122,   104, 
1994-10-24, 21:07,   99,   -84,    91,     86,  -122,   104, 
1994-11-03, 21:07,  101,   -91,    96,     87,  -121,   104, 
1994-11-13, 21:07,   98,  -100,    99,     87,  -121,   104, 
1994-11-23, 21:07,   96,  -108,   102,     88,  -120,   104, 
1994-12-03, 21:07,   91,  -115,   103,     88,  -120,   104, 
1994-12-13, 21:07,   86,  -124,   105,     88,  -119,   104, 
1994-12-23, 21:07,   68,  -120,    94,     89,  -119,   104, 
1995-01-02, 21:07,   70,  -132,   101,     89,  -118,   104, 
1995-01-12, 21:07,   69,  -124,    96,     90,  -118,   104, 
1995-01-22, 21:07,   75,  -164,   119,     90,  -117,   104, 
1995-02-01, 21:07,   54,  -164,   109,     90,  -117,   103, 
1995-02-11, 21:07,   55,  -157,   106,     91,  -116,   103, 
1995-02-21, 21:07,   49,  -149,    99,     91,  -115,   103, 
1995-03-03, 21:07,   57,  -138,    97,     91,  -115,   103, 
1995-03-13, 21:07,   60,  -154,   107,     92,  -114,   103, 
1995-03-23, 21:07,   65,  -172,   119,     92,  -114,   103, 
1995-04-02, 21:07,   73,  -156,   115,     92,  -113,   103, 
1995-04-12, 21:07,   75,  -134,   105,     92,  -113,   103, 
1995-04-22, 21:07,   80,  -134,   107,     93,  -112,   102, 
1995-05-02, 21:07,   79,  -138,   109,     93,  -112,   102, 
1995-05-12, 21:07,   89,  -126,   108,     93,  -111,   102, 
1995-05-22, 21:07,   91,  -121,   106,     93,  -111,   102, 
1995-06-01, 21:07,   97,  -110,   104,     94,  -110,   102, 
1995-06-11, 21:07,  108,  -114,   111,     94,  -110,   102, 
1995-06-21, 21:07,  118,  -108,   113,     94,  -109,   101, 
1995-07-01, 21:07,  126,  -101,   114,     94,  -108,   101, 
1995-07-11, 21:07,  126,   -80,   103,     94,  -108,   101, 
1995-07-21, 21:07,  118,   -70,    94,     95,  -107,   101, 
1995-07-31, 21:07,  114,   -71,    93,     95,  -106,   101, 
1995-08-10, 21:07,  106,   -75,    91,     95,  -106,   100, 
1995-08-20, 21:07,  108,   -70,    89,     95,  -105,   100, 
1995-08-30, 21:07,  125,   -71,    98,     96,  -104,   100, 
1995-09-09, 21:07,  122,   -70,    96,     96,  -104,   100, 
1995-09-19, 21:07,  126,   -72,    99,     96,  -103,    99, 
1995-09-29, 21:07,  113,   -75,    94,     96,  -102,    99, 
1995-10-09, 21:07,  113,   -75,    94,     97,  -101,    99, 
1995-10-19, 21:07,  112,   -80,    96,     97,  -100,    99, 
1995-10-29, 21:07,  111,   -75,    93,     97,   -99,    98, 
1995-11-08, 21:07,  111,   -78,    95,     98,   -98,    98, 
1995-11-18, 21:07,  105,   -87,    96,     98,   -98,    98, 
1995-11-28, 21:07,   98,   -93,    95,     98,   -97,    97, 
1995-12-08, 21:07,   88,   -96,    92,     99,   -96,    97, 
1995-12-18, 21:07,   49,   -41,    45,     99,   -95,    97, 
1995-12-28, 21:07,   56,  -139,    98,     99,   -94,    97, 
1996-01-07, 21:07,   95,  -148,   121,     99,   -93,    96, 
1996-01-17, 21:07,   97,  -125,   111,    100,   -92,    96, 
1996-01-27, 21:07,  108,  -109,   109,    100,   -92,    96, 
1996-02-06, 21:07,   83,   -95,    89,    100,   -91,    95, 
1996-02-16, 21:07,   63,  -108,    86,    100,   -90,    95, 
1996-02-26, 21:07,   56,  -120,    88,    100,   -89,    95, 
1996-03-07, 21:07,   72,  -123,    98,    100,   -89,    95, 
1996-03-17, 21:07,   75,  -133,   104,    101,   -88,    94, 
1996-03-27, 21:07,   73,  -129,   101,    101,   -88,    94, 
1996-04-06, 21:07,   74,  -130,   102,    101,   -87,    94, 
1996-04-16, 21:07,  108,  -106,   107,    101,   -87,    94, 
1996-04-26, 21:07,  106,  -103,   105,    101,   -87,    94, 
1996-05-06, 21:07,  105,  -102,   104,    101,   -86,    94, 
1996-05-16, 21:07,   89,   -99,    94,    101,   -86,    93, 
1996-05-26, 21:07,   95,   -82,    89,    101,   -86,    93, 
1996-06-05, 21:07,  103,   -80,    91,    101,   -86,    93, 
1996-06-15, 21:07,  112,   -76,    94,    101,   -86,    93, 
1996-06-25, 21:07,  114,   -81,    98,    101,   -85,    93, 
1996-07-05, 21:07,  111,   -73,    92,    101,   -85,    93, 
1996-07-15, 21:07,  108,   -67,    88,    100,   -85,    93, 
1996-07-25, 21:07,  119,   -60,    89,    100,   -85,    93, 
1996-08-04, 21:07,  121,   -60,    90,    100,   -85,    93, 
1996-08-14, 21:07,  123,   -60,    91,    100,   -85,    93, 
1996-08-24, 21:07,  114,   -57,    86,    100,   -85,    93, 
1996-09-03, 21:07,  124,   -48,    86,    100,   -85,    93, 
1996-09-13, 21:07,  117,   -51,    84,    100,   -85,    93, 
1996-09-23, 21:07,  119,   -52,    85,    100,   -85,    93, 
1996-10-03, 21:07,  114,   -64,    89,    100,   -85,    93, 
1996-10-13, 21:07,  135,   -65,   100,    100,   -85,    93, 
1996-10-23, 21:07,  137,   -68,   103,    100,   -85,    93, 
1996-11-02, 21:07,  134,   -59,    97,    100,   -85,    93, 
1996-11-12, 21:07,  118,   -62,    90,    100,   -85,    93, 
1996-11-22, 21:07,  114,   -60,    87,    100,   -85,    93, 
1996-12-02, 21:07,  103,   -77,    90,    100,   -85,    93, 
1996-12-12, 21:07,   84,   -87,    86,    100,   -85,    92, 
1996-12-22, 21:07,   77,   -92,    85,    100,   -85,    92, 
1997-01-01, 21:07,   74,   -87,    81,    100,   -84,    92, 
1997-01-11, 21:07,   76,   -84,    80,    100,   -84,    92, 
1997-01-21, 21:07,   63,   -93,    78,    100,   -84,    92, 
1997-01-31, 21:07,   57,  -103,    80,    100,   -84,    92, 
1997-02-10, 21:07,   61,  -108,    84,    100,   -84,    92, 
1997-02-20, 21:07,   76,  -114,    95,    100,   -84,    92, 
1997-03-02, 21:07,   78,  -127,   102,     99,   -83,    91, 
1997-03-12, 21:07,   78,  -136,   107,     99,   -83,    91, 
1997-03-22, 21:07,   73,  -134,   104,     99,   -83,    91, 
1997-04-01, 21:07,   83,  -122,   102,     99,   -82,    91, 
1997-04-11, 21:07,   83,  -114,    98,     99,   -82,    90, 
1997-04-21, 21:07,   78,  -108,    93,     98,   -82,    90, 
1997-05-01, 21:07,   84,  -112,    98,     98,   -81,    90, 
1997-05-11, 21:07,   93,  -106,   100,     98,   -81,    89, 
1997-05-21, 21:07,  105,  -103,   104,     97,   -80,    89, 
1997-05-31, 21:07,  100,   -90,    95,     97,   -80,    88, 
1997-06-10, 21:07,  110,   -79,    95,     97,   -79,    88, 
1997-06-20, 21:07,  106,   -71,    89,     97,   -78,    88, 
1997-06-30, 21:07,  105,   -65,    85,     96,   -78,    87, 
1997-07-10, 21:07,  101,   -54,    77,     96,   -77,    87, 
1997-07-20, 21:07,  115,   -51,    83,     96,   -76,    86, 
1997-07-30, 21:07,  128,   -44,    86,     96,   -75,    86, 
1997-08-09, 21:07,  119,   -55,    87,     95,   -74,    85, 
1997-08-19, 21:07,  120,   -53,    87,     95,   -73,    84, 
1997-08-29, 21:07,  125,   -45,    85,     95,   -72,    84, 
1997-09-08, 21:07,  128,   -47,    87,     95,   -71,    83, 
1997-09-18, 21:07,  120,   -42,    81,     95,   -70,    83, 
1997-09-28, 21:07,  111,   -42,    77,     95,   -69,    82, 
1997-10-08, 21:07,  117,   -34,    76,     95,   -68,    81, 
1997-10-18, 21:07,  122,   -27,    74,     95,   -67,    81, 
1997-10-28, 21:07,  112,   -25,    69,     95,   -66,    80, 
1997-11-07, 21:07,  102,   -17,    59,     95,   -64,    80, 
1997-11-17, 21:07,   89,   -68,    79,     95,   -63,    79, 
1997-11-27, 21:07,   98,   -77,    87,     95,   -62,    78, 
1997-12-07, 21:07,  103,   -64,    84,     95,   -61,    78, 
1997-12-17, 21:07,   98,   -50,    74,     95,   -60,    77, 
1997-12-27, 21:07,   92,   -48,    70,     95,   -58,    77, 
1998-01-06, 21:07,   82,   -69,    75,     95,   -57,    76, 
1998-01-16, 21:07,   63,   -77,    70,     95,   -56,    76, 
1998-01-26, 21:07,   63,   -77,    70,     95,   -55,    75, 
1998-02-05, 21:07,   63,   -80,    72,     95,   -54,    75, 
1998-02-15, 21:07,   48,   -91,    70,     95,   -53,    74, 
1998-02-25, 21:07,   50,   -95,    72,     95,   -53,    74, 
1998-03-07, 21:07,   41,   -81,    61,     95,   -52,    73, 
1998-03-17, 21:07,   49,   -83,    66,     95,   -51,    73, 
1998-03-27, 21:07,   48,   -67,    57,     95,   -50,    73, 
1998-04-06, 21:07,   54,   -65,    59,     95,   -50,    72, 
1998-04-16, 21:07,   72,   -60,    66,     94,   -49,    72, 
1998-04-26, 21:07,   74,   -62,    68,     94,   -49,    72, 
1998-05-06, 21:07,   96,   -83,    90,     94,   -48,    71, 
1998-05-16, 21:07,  101,   -77,    89,     94,   -48,    71, 
1998-05-26, 21:07,  119,   -72,    96,     93,   -48,    71, 
1998-06-05, 21:07,  102,   -50,    76,     93,   -48,    70, 
1998-06-15, 21:07,  114,   -43,    78,     93,   -47,    70, 
1998-06-25, 21:07,  101,   -34,    68,     92,   -47,    70, 
1998-07-05, 21:07,  107,   -19,    63,     92,   -47,    69, 
1998-07-15, 21:07,  108,   -15,    61,     91,   -47,    69, 
1998-07-25, 21:07,  116,   -21,    69,     91,   -46,    69, 
1998-08-04, 21:07,  116,   -25,    71,     90,   -46,    68, 
1998-08-14, 21:07,  119,   -36,    78,     89,   -46,    68, 
1998-08-24, 21:07,  120,   -28,    74,     89,   -46,    67, 
1998-09-03, 21:07,  127,   -22,    74,     88,   -46,    67, 
1998-09-13, 21:07,  126,   -10,    68,     87,   -45,    66, 
1998-09-23, 21:07,  135,    -4,    70,     86,   -45,    66, 
1998-10-03, 21:07,  126,    -2,    64,     86,   -45,    65, 
1998-10-13, 21:07,  121,     1,    60,     85,   -44,    64, 
1998-10-23, 21:07,  110,    -3,    57,     84,   -44,    64, 
1998-11-02, 21:07,   95,    -5,    50,     83,   -43,    63, 
1998-11-12, 21:07,   74,    -1,    38,     82,   -43,    62, 
1998-11-22, 21:07,   64,   -27,    45,     80,   -42,    61, 
1998-12-02, 21:07,   58,   -16,    37,     79,   -41,    60, 
1998-12-12, 21:07,   69,   -30,    49,     78,   -41,    59, 
1998-12-22, 21:07,   51,   -47,    49,     77,   -40,    58, 
1999-01-01, 21:07,   53,   -73,    63,     75,   -39,    57, 
1999-01-11, 21:07,   29,   -92,    61,     74,   -38,    56, 
1999-01-21, 21:07,   39,   -90,    64,     72,   -37,    55, 
1999-01-31, 21:07,   55,   -83,    69,     71,   -36,    53, 
1999-02-10, 21:07,   53,   -78,    66,     69,   -35,    52, 
1999-02-20, 21:07,   59,   -74,    67,     67,   -34,    50, 
1999-03-02, 21:07,   24,   -77,    50,     65,   -32,    49, 
1999-03-12, 21:07,   16,   -89,    53,     64,   -31,    47, 
1999-03-22, 21:07,   16,   -77,    46,     62,   -30,    46, 
1999-04-01, 21:07,   19,   -74,    46,     60,   -29,    44, 
1999-04-11, 21:07,   38,   -61,    50,     58,   -28,    43, 
1999-04-21, 21:07,   39,   -61,    50,     56,   -26,    41, 
1999-05-01, 21:07,   38,   -55,    46,     54,   -25,    39, 
1999-05-11, 21:07,   35,   -61,    48,     52,   -24,    38, 
1999-05-21, 21:07,   49,   -48,    49,     50,   -22,    36, 
1999-05-31, 21:07,   70,   -22,    46,     48,   -21,    34, 
1999-06-10, 21:07,   72,     1,    36,     46,   -20,    33, 
1999-06-20, 21:07,   78,    -1,    39,     44,   -18,    31, 
1999-06-30, 21:07,   77,     9,    34,     42,   -17,    29, 
1999-07-10, 21:07,   67,    25,    21,     40,   -15,    28, 
1999-07-20, 21:07,   61,    27,    17,     38,   -14,    26, 
1999-07-30, 21:07,   59,    34,    13,     36,   -13,    24, 
1999-08-09, 21:07,   71,    45,    13,     35,   -11,    23, 
1999-08-19, 21:07,   76,    49,    14,     33,   -10,    21, 
1999-08-29, 21:07,   77,    44,    17,     31,    -8,    20, 
1999-09-08, 21:07,   70,    36,    17,     30,    -7,    18, 
1999-09-18, 21:07,   58,    30,    14,     28,    -6,    17, 
1999-09-28, 21:07,   42,    28,     7,     27,    -4,    15, 
1999-10-08, 21:07,   16,    24,    -4,     25,    -3,    14, 
1999-10-18, 21:07,   16,    28,    -6,     24,    -1,    13, 
1999-10-28, 21:07,   11,    -1,     6,     23,    -0,    11, 
1999-11-07, 21:07,   20,    -7,    13,     22,     1,    10, 
1999-11-17, 21:07,   -0,   -10,     5,     20,     2,     9, 
1999-11-27, 21:07,  -18,     3,   -10,     19,     4,     8, 
1999-12-07, 21:07,    4,     4,    -0,     18,     5,     7, 
1999-12-17, 21:07,    2,    -4,     3,     17,     6,     6, 
1999-12-27, 21:07,   10,     0,     5,     16,     7,     5, 
2000-01-06, 21:07,   -6,   -13,     3,     15,     8,     4, 
2000-01-16, 21:07,   16,     1,     7,     14,     9,     3, 
2000-01-26, 21:07,   -5,    20,   -13,     13,    10,     2, 
2000-02-05, 21:07,   -2,    -1,    -0,     12,    11,     1, 
2000-02-15, 21:07,  -26,    -5,   -10,     11,    11,    -0, 
2000-02-25, 21:07,  -38,   -34,    -2,     10,    12,    -1, 
2000-03-06, 21:07,  -46,   -43,    -2,      9,    13,    -2, 
2000-03-16, 21:07,  -17,   -39,    11,      8,    13,    -3, 
2000-03-26, 21:07,  -15,   -31,     8,      7,    14,    -3, 
2000-04-05, 21:07,   -0,   -19,     9,      6,    14,    -4, 
2000-04-15, 21:07,  -13,   -33,    10,      5,    14,    -5, 
2000-04-25, 21:07,  -24,   -27,     2,      3,    15,    -6, 
2000-05-05, 21:07,  -10,   -15,     2,      2,    15,    -6, 
2000-05-15, 21:07,   -6,    13,    -9,      1,    15,    -7, 
2000-05-25, 21:07,    7,     8,    -1,     -1,    15,    -8, 
2000-06-04, 21:07,   12,    12,     0,     -2,    15,    -9, 
2000-06-14, 21:07,   16,    12,     2,     -4,    15,    -9, 
2000-06-24, 21:07,   12,    22,    -5,     -6,    15,   -10, 
2000-07-04, 21:07,   12,    40,   -14,     -7,    15,   -11, 
2000-07-14, 21:07,   22,    46,   -12,     -9,    14,   -12, 
2000-07-24, 21:07,   22,    41,    -9,    -11,    14,   -13, 
2000-08-03, 21:07,   31,    45,    -7,    -13,    14,   -13, 
2000-08-13, 21:07,   25,    33,    -4,    -15,    14,   -14, 
2000-08-23, 21:07,   24,    40,    -8,    -17,    13,   -15, 
2000-09-02, 21:07,   23,    43,   -10,    -19,    13,   -16, 
2000-09-12, 21:07,   37,    66,   -14,    -21,    13,   -17, 
2000-09-22, 21:07,   28,    74,   -23,    -23,    13,   -18, 
2000-10-02, 21:07,   10,    62,   -26,    -25,    12,   -19, 
2000-10-12, 21:07,   10,    60,   -25,    -28,    12,   -20, 
2000-10-22, 21:07,   -6,    49,   -28,    -30,    12,   -21, 
2000-11-01, 21:07,  -13,    58,   -36,    -32,    12,   -22, 
2000-11-11, 21:07,  -30,    53,   -42,    -34,    12,   -23, 
2000-11-21, 21:07,  -48,    43,   -46,    -36,    12,   -24, 
2000-12-01, 21:07,  -35,    24,   -30,    -39,    11,   -25, 
2000-12-11, 21:07,  -34,   -14,   -10,    -41,    11,   -26, 
2000-12-21, 21:07,  -47,   -22,   -12,    -43,    12,   -27, 
2000-12-31, 21:07,  -49,   -18,   -16,    -45,    12,   -28, 
2001-01-10, 21:07,  -76,   -17,   -30,    -47,    12,   -29, 
2001-01-20, 21:07,  -75,   -34,   -21,    -49,    12,   -30, 
2001-01-30, 21:07, -103,   -27,   -38,    -50,    12,   -31, 
2001-02-09, 21:07, -108,   -28,   -40,    -52,    13,   -32, 
2001-02-19, 21:07, -103,   -14,   -45,    -53,    13,   -33, 
2001-03-01, 21:07,  -78,   -20,   -29,    -55,    14,   -34, 
2001-03-11, 21:07,  -82,   -20,   -31,    -56,    14,   -35, 
2001-03-21, 21:07,  -84,   -24,   -30,    -57,    15,   -36, 
2001-03-31, 21:07,  -94,   -36,   -29,    -58,    16,   -37, 
2001-04-10, 21:07, -100,   -27,   -37,    -58,    17,   -38, 
2001-04-20, 21:07, -105,    -7,   -49,    -59,    18,   -38, 
2001-04-30, 21:07,  -86,   -15,   -35,    -59,    19,   -39, 
2001-05-10, 21:07,  -76,    -1,   -37,    -59,    20,   -40, 
2001-05-20, 21:07,  -73,     2,   -37,    -59,    22,   -40, 
2001-05-30, 21:07,  -69,    22,   -45,    -59,    23,   -41, 
2001-06-09, 21:07,  -57,    16,   -37,    -59,    24,   -42, 
2001-06-19, 21:07,  -44,    15,   -29,    -58,    26,   -42, 
2001-06-29, 21:07,  -34,    -3,   -15,    -58,    28,   -43, 
2001-07-09, 21:07,  -28,    34,   -31,    -57,    30,   -43, 
2001-07-19, 21:07,  -30,    64,   -47,    -56,    31,   -44, 
2001-07-29, 21:07,  -28,    80,   -54,    -55,    33,   -44, 
2001-08-08, 21:07,  -21,    84,   -52,    -54,    35,   -44, 
2001-08-18, 21:07,   -7,    54,   -31,    -53,    37,   -45, 
2001-08-28, 21:07,  -24,    75,   -49,    -51,    38,   -45, 
2001-09-07, 21:07,  -48,    73,   -61,    -50,    40,   -45, 
2001-09-17, 21:07,  -60,    60,   -60,    -49,    42,   -45, 
2001-09-27, 21:07,  -59,    69,   -64,    -48,    44,   -46, 
2001-10-07, 21:07,  -54,    64,   -59,    -46,    45,   -46, 
2001-10-17, 21:07,  -53,    76,   -64,    -45,    47,   -46, 
2001-10-27, 21:07,  -60,    69,   -64,    -44,    48,   -46, 
2001-11-06, 21:07,  -50,    69,   -59,    -43,    49,   -46, 
2001-11-16, 21:07,  -48,    50,   -49,    -42,    50,   -46, 
2001-11-26, 21:07,  -38,    26,   -32,    -41,    51,   -46, 
2001-12-06, 21:07,  -14,    24,   -19,    -40,    52,   -46, 
2001-12-16, 21:07,  -13,    41,   -27,    -39,    53,   -46, 
2001-12-26, 21:07,  -10,    51,   -30,    -39,    54,   -46, 
2002-01-05, 21:07,   -8,    73,   -40,    -38,    54,   -46, 
2002-01-15, 21:07,  -21,    87,   -54,    -38,    54,   -46, 
2002-01-25, 21:07,  -17,    76,   -47,    -37,    55,   -46, 
2002-02-04, 21:07,  -30,    57,   -43,    -37,    54,   -46, 
2002-02-14, 21:07,  -29,    38,   -34,    -37,    54,   -46, 
2002-02-24, 21:07,  -35,    50,   -42,    -37,    54,   -45, 
2002-03-06, 21:07,  -34,    53,   -43,    -37,    53,   -45, 
2002-03-16, 21:07,  -35,    39,   -37,    -37,    53,   -45, 
2002-03-26, 21:07,  -46,    37,   -41,    -38,    52,   -45, 
2002-04-05, 21:07,  -61,    29,   -45,    -38,    51,   -45, 
2002-04-15, 21:07,  -53,    69,   -61,    -39,    50,   -45, 
2002-04-25, 21:07,  -40,    62,   -51,    -40,    49,   -44, 
2002-05-05, 21:07,  -41,    44,   -42,    -40,    48,   -44, 
2002-05-15, 21:07,  -34,    33,   -34,    -41,    47,   -44, 
2002-05-25, 21:07,  -36,    22,   -29,    -42,    46,   -44, 
2002-06-04, 21:07,  -36,    37,   -37,    -43,    45,   -44, 
2002-06-14, 21:07,  -49,    40,   -45,    -43,    43,   -43, 
2002-06-24, 21:07,  -40,    47,   -43,    -44,    42,   -43, 
2002-07-04, 21:07,  -42,    70,   -56,    -45,    41,   -43, 
2002-07-14, 21:07,  -32,    76,   -54,    -46,    40,   -43, 
2002-07-24, 21:07,  -49,    77,   -63,    -47,    39,   -43, 
2002-08-03, 21:07,  -56,    54,   -55,    -48,    38,   -43, 
2002-08-13, 21:07,  -63,    32,   -47,    -49,    37,   -43, 
2002-08-23, 21:07,  -73,    25,   -49,    -50,    36,   -43, 
2002-09-02, 21:07,  -73,    16,   -45,    -51,    35,   -43, 
2002-09-12, 21:07,  -75,    17,   -46,    -51,    34,   -43, 
2002-09-22, 21:07,  -70,    11,   -40,    -52,    33,   -43, 
2002-10-02, 21:07,  -71,     5,   -38,    -53,    33,   -43, 
2002-10-12, 21:07,  -69,     4,   -37,    -54,    32,   -43, 
2002-10-22, 21:07,  -58,    12,   -35,    -55,    32,   -43, 
2002-11-01, 21:07,  -59,    15,   -37,    -55,    31,   -43, 
2002-11-11, 21:07,  -48,    28,   -38,    -56,    31,   -44, 
2002-11-21, 21:07,  -49,    23,   -36,    -57,    31,   -44, 
2002-12-01, 21:07,  -51,     6,   -28,    -57,    31,   -44, 
2002-12-11, 21:07,  -63,    23,   -43,    -58,    31,   -45, 
2002-12-21, 21:07,  -80,    33,   -56,    -58,    32,   -45, 
2002-12-31, 21:07,  -75,    35,   -55,    -59,    32,   -45, 
2003-01-10, 21:07,  -74,    28,   -51,    -59,    32,   -46, 
2003-01-20, 21:07,  -53,    44,   -49,    -60,    33,   -46, 
2003-01-30, 21:07,  -65,    49,   -57,    -60,    34,   -47, 
2003-02-09, 21:07,  -48,    44,   -46,    -61,    34,   -48, 
2003-02-19, 21:07,  -53,    47,   -50,    -61,    35,   -48, 
2003-03-01, 21:07,  -40,    52,   -46,    -61,    36,   -49, 
2003-03-11, 21:07,  -20,    51,   -35,    -62,    37,   -49, 
2003-03-21, 21:07,  -19,    51,   -35,    -62,    38,   -50, 
2003-03-31, 21:07,   -7,    46,   -27,    -62,    40,   -51, 
2003-04-10, 21:07,  -43,    44,   -43,    -62,    41,   -52, 
2003-04-20, 21:07,  -76,    34,   -55,    -62,    42,   -52, 
2003-04-30, 21:07,  -55,    54,   -55,    -62,    44,   -53, 
2003-05-10, 21:07,  -54,    51,   -52,    -62,    45,   -54, 
2003-05-20, 21:07,  -56,    59,   -57,    -62,    47,   -54, 
2003-05-30, 21:07,  -58,    54,   -56,    -62,    48,   -55, 
2003-06-09, 21:07,  -53,    56,   -54,    -62,    50,   -56, 
2003-06-19, 21:07,  -54,    41,   -48,    -62,    51,   -57, 
2003-06-29, 21:07,  -63,    44,   -54,    -62,    53,   -57, 
2003-07-09, 21:07,  -69,    46,   -58,    -61,    55,   -58, 
2003-07-19, 21:07,  -74,    51,   -63,    -61,    56,   -59, 
2003-07-29, 21:07,  -78,    54,   -66,    -61,    58,   -59, 
2003-08-08, 21:07,  -88,    52,   -70,    -61,    59,   -60, 
2003-08-18, 21:07,  -79,    54,   -67,    -60,    61,   -61, 
2003-08-28, 21:07,  -75,    55,   -65,    -60,    62,   -61, 
2003-09-07, 21:07,  -81,    47,   -64,    -60,    64,   -62, 
2003-09-17, 21:07,  -89,    51,   -70,    -60,    65,   -62, 
2003-09-27, 21:07,  -86,    52,   -69,    -59,    66,   -63, 
2003-10-07, 21:07,  -79,    57,   -68,    -59,    67,   -63, 
2003-10-17, 21:07,  -78,    53,   -65,    -59,    68,   -64, 
2003-10-27, 21:07,  -76,    54,   -65,    -59,    69,   -64, 
2003-11-06, 21:07,  -78,    58,   -68,    -58,    70,   -64, 
2003-11-16, 21:07,  -86,    56,   -71,    -58,    71,   -64, 
2003-11-26, 21:07,  -98,    57,   -77,    -58,    71,   -65, 
2003-12-06, 21:07,  -68,    71,   -70,    -58,    72,   -65, 
2003-12-16, 21:07,  -52,    85,   -69,    -57,    72,   -65, 
2003-12-26, 21:07,  -48,    96,   -72,    -57,    73,   -65, 
2004-01-05, 21:07,  -54,    89,   -72,    -57,    73,   -65, 
2004-01-15, 21:07,  -40,    94,   -67,    -57,    73,   -65, 
2004-01-25, 21:07,  -24,    91,   -58,    -57,    73,   -65, 
2004-02-04, 21:07,  -14,    99,   -57,    -57,    73,   -65, 
2004-02-14, 21:07,  -16,    85,   -50,    -57,    73,   -65, 
2004-02-24, 21:07,   -1,    85,   -43,    -57,    72,   -65, 
2004-03-05, 21:07,   -7,    99,   -53,    -57,    72,   -64, 
2004-03-15, 21:07,  -10,    99,   -55,    -57,    72,   -64, 
2004-03-25, 21:07,  -24,   103,   -63,    -57,    71,   -64, 
2004-04-04, 21:07,  -25,    95,   -60,    -56,    70,   -63, 
2004-04-14, 21:07,  -34,    85,   -60,    -56,    70,   -63, 
2004-04-24, 21:07,  -49,    82,   -65,    -56,    69,   -63, 
2004-05-04, 21:07,  -45,    80,   -63,    -56,    68,   -62, 
2004-05-14, 21:07,  -48,    82,   -65,    -56,    68,   -62, 
2004-05-24, 21:07,  -53,    82,   -68,    -56,    67,   -62, 
2004-06-03, 21:07,  -64,    71,   -67,    -56,    66,   -61, 
2004-06-13, 21:07,  -68,    66,   -67,    -56,    65,   -61, 
2004-06-23, 21:07,  -81,    53,   -67,    -56,    65,   -61, 
2004-07-03, 21:07,  -83,    55,   -69,    -57,    64,   -60, 
2004-07-13, 21:07,  -81,    45,   -63,    -57,    63,   -60, 
2004-07-23, 21:07,  -80,    37,   -59,    -57,    62,   -59, 
2004-08-02, 21:07,  -84,    24,   -54,    -56,    61,   -59, 
2004-08-12, 21:07,  -80,    23,   -52,    -56,    61,   -59, 
2004-08-22, 21:07,  -73,    23,   -48,    -56,    60,   -58, 
2004-09-01, 21:07,  -72,    25,   -48,    -56,    59,   -58, 
2004-09-11, 21:07,  -84,    25,   -55,    -56,    58,   -57, 
2004-09-21, 21:07,  -85,    32,   -59,    -56,    58,   -57, 
2004-10-01, 21:07,  -76,    35,   -56,    -56,    57,   -57, 
2004-10-11, 21:07,  -71,    37,   -54,    -56,    57,   -56, 
2004-10-21, 21:07,  -70,    35,   -52,    -56,    56,   -56, 
2004-10-31, 21:07,  -76,    38,   -57,    -56,    56,   -56, 
2004-11-10, 21:07,  -75,    39,   -57,    -56,    55,   -55, 
2004-11-20, 21:07,  -58,    40,   -49,    -56,    55,   -55, 
2004-11-30, 21:07,  -60,    41,   -50,    -55,    54,   -55, 
2004-12-10, 21:07,  -55,    61,   -58,    -55,    54,   -55, 
2004-12-20, 21:07,  -67,    66,   -67,    -55,    54,   -54, 
2004-12-30, 21:07,  -58,    75,   -67,    -55,    54,   -54, 
2005-01-09, 21:07,  -38,    96,   -67,    -54,    53,   -54, 
2005-01-19, 21:07,  -23,    71,   -47,    -54,    53,   -54, 
2005-01-29, 21:07,  -32,    72,   -52,    -54,    53,   -53, 
2005-02-08, 21:07,  -38,    66,   -52,    -53,    53,   -53, 
2005-02-18, 21:07,  -47,    80,   -63,    -53,    53,   -53, 
2005-02-28, 21:07,  -10,    75,   -43,    -53,    53,   -53, 
2005-03-10, 21:07,  -14,    84,   -49,    -52,    53,   -53, 
2005-03-20, 21:07,  -16,    87,   -52,    -52,    54,   -53, 
2005-03-30, 21:07,  -23,    83,   -53,    -51,    54,   -53, 
2005-04-09, 21:07,  -31,    75,   -53,    -51,    54,   -52, 
2005-04-19, 21:07,  -29,    64,   -47,    -50,    54,   -52, 
2005-04-29, 21:07,  -28,    59,   -43,    -50,    55,   -52, 
2005-05-09, 21:07,  -30,    55,   -43,    -49,    55,   -52, 
2005-05-19, 21:07,  -42,    66,   -54,    -49,    55,   -52, 
2005-05-29, 21:07,  -54,    56,   -55,    -49,    55,   -52, 
2005-06-08, 21:07,  -63,    48,   -56,    -48,    56,   -52, 
2005-06-18, 21:07,  -65,    40,   -53,    -48,    56,   -52, 
2005-06-28, 21:07,  -64,    47,   -55,    -47,    56,   -52, 
2005-07-08, 21:07,  -69,    52,   -61,    -47,    57,   -52, 
2005-07-18, 21:07,  -73,    50,   -61,    -47,    57,   -52, 
2005-07-28, 21:07,  -76,    43,   -60,    -47,    57,   -52, 
2005-08-07, 21:07,  -64,    37,   -51,    -46,    58,   -52, 
2005-08-17, 21:07,  -72,    33,   -52,    -46,    58,   -52, 
2005-08-27, 21:07,  -61,    26,   -43,    -46,    58,   -52, 
2005-09-06, 21:07,  -60,    32,   -46,    -46,    58,   -52, 
2005-09-16, 21:07,  -49,    35,   -42,    -46,    58,   -52, 
2005-09-26, 21:07,  -64,    30,   -47,    -47,    58,   -52, 
2005-10-06, 21:07,  -67,    37,   -52,    -47,    58,   -53, 
2005-10-16, 21:07,  -60,    39,   -49,    -47,    58,   -53, 
2005-10-26, 21:07,  -63,    53,   -58,    -47,    58,   -53, 
2005-11-05, 21:07,  -53,    39,   -46,    -48,    58,   -53, 
2005-11-15, 21:07,  -63,    44,   -53,    -48,    58,   -53, 
2005-11-25, 21:07,  -60,    60,   -60,    -49,    58,   -53, 
2005-12-05, 21:07,  -51,    70,   -60,    -49,    58,   -54, 
2005-12-15, 21:07,  -48,    73,   -61,    -50,    58,   -54, 
2005-12-25, 21:07,  -21,    63,   -42,    -50,    58,   -54, 
2006-01-04, 21:07,   -1,    91,   -46,    -51,    57,   -54, 
2006-01-14, 21:07,  -25,   103,   -64,    -52,    57,   -54, 
2006-01-24, 21:07,  -50,   117,   -84,    -52,    57,   -55, 
2006-02-03, 21:07,  -60,    93,   -77,    -53,    57,   -55, 
2006-02-13, 21:07,  -43,    74,   -59,    -53,    57,   -55, 
2006-02-23, 21:07,  -35,    74,   -55,    -54,    57,   -55, 
2006-03-05, 21:07,  -22,    62,   -42,    -55,    57,   -56, 
2006-03-15, 21:07,  -19,    62,   -40,    -55,    56,   -56, 
2006-03-25, 21:07,  -17,    56,   -37,    -56,    56,   -56, 
2006-04-04, 21:07,  -38,    65,   -51,    -56,    56,   -56, 
2006-04-14, 21:07,  -53,    55,   -54,    -57,    56,   -57, 
2006-04-24, 21:07,  -46,    61,   -53,    -58,    56,   -57, 
2006-05-04, 21:07,  -49,    63,   -56,    -58,    56,   -57, 
2006-05-14, 21:07,  -51,    67,   -59,    -59,    56,   -58, 
2006-05-24, 21:07,  -55,    51,   -53,    -59,    57,   -58, 
2006-06-03, 21:07,  -56,    51,   -54,    -60,    57,   -58, 
2006-06-13, 21:07,  -56,    50,   -53,    -60,    57,   -58, 
2006-06-23, 21:07,  -76,    51,   -64,    -60,    57,   -59, 
2006-07-03, 21:07,  -81,    53,   -67,    -61,    57,   -59, 
2006-07-13, 21:07,  -83,    48,   -66,    -61,    57,   -59, 
2006-07-23, 21:07,  -84,    46,   -65,    -62,    57,   -59, 
2006-08-02, 21:07,  -88,    39,   -64,    -62,    57,   -60, 
2006-08-12, 21:07,  -87,    37,   -62,    -62,    58,   -60, 
2006-08-22, 21:07,  -88,    36,   -62,    -62,    58,   -60, 
2006-09-01, 21:07,  -90,    34,   -62,    -63,    58,   -60, 
2006-09-11, 21:07,  -89,    35,   -62,    -63,    58,   -60, 
2006-09-21, 21:07,  -86,    28,   -57,    -63,    58,   -61, 
2006-10-01, 21:07,  -85,    30,   -57,    -63,    58,   -61, 
2006-10-11, 21:07,  -85,    41,   -63,    -63,    58,   -61, 
2006-10-21, 21:07,  -79,    43,   -61,    -64,    58,   -61, 
2006-10-31, 21:07,  -74,    41,   -57,    -64,    58,   -61, 
2006-11-10, 21:07,  -67,    40,   -53,    -64,    58,   -61, 
2006-11-20, 21:07,  -70,    52,   -61,    -64,    58,   -61, 
2006-11-30, 21:07,  -65,    55,   -60,    -64,    58,   -61, 
2006-12-10, 21:07,  -63,    60,   -61,    -64,    58,   -61, 
2006-12-20, 21:07,  -56,    64,   -60,    -64,    58,   -61, 
2006-12-30, 21:07,  -59,    75,   -67,    -64,    58,   -61, 
2007-01-09, 21:07,  -50,    76,   -63,    -64,    58,   -61, 
2007-01-19, 21:07,  -47,    77,   -62,    -64,    58,   -61, 
2007-01-29, 21:07,  -34,    77,   -55,    -64,    58,   -61, 
2007-02-08, 21:07,  -30,    83,   -56,    -63,    58,   -61, 
2007-02-18, 21:07,  -31,    82,   -56,    -63,    57,   -60, 
2007-02-28, 21:07,  -30,    89,   -60,    -63,    57,   -60, 
2007-03-10, 21:07,  -40,    91,   -65,    -63,    57,   -60, 
2007-03-20, 21:07,  -42,    91,   -67,    -62,    57,   -60, 
2007-03-30, 21:07,  -43,    85,   -64,    -62,    57,   -59, 
2007-04-09, 21:07,  -38,    78,   -58,    -62,    56,   -59, 
2007-04-19, 21:07,  -40,    70,   -55,    -62,    56,   -59, 
2007-04-29, 21:07,  -47,    70,   -59,    -61,    56,   -59, 
2007-05-09, 21:07,  -54,    69,   -61,    -61,    56,   -58, 
2007-05-19, 21:07,  -59,    64,   -62,    -60,    55,   -58, 
2007-05-29, 21:07,  -62,    65,   -64,    -60,    55,   -58, 
2007-06-08, 21:07,  -62,    60,   -61,    -60,    55,   -57, 
2007-06-18, 21:07,  -64,    51,   -57,    -59,    54,   -57, 
2007-06-28, 21:07,  -66,    47,   -57,    -59,    54,   -57, 
2007-07-08, 21:07,  -73,    42,   -58,    -59,    54,   -56, 
2007-07-18, 21:07,  -77,    44,   -61,    -58,    54,   -56, 
2007-07-28, 21:07,  -83,    36,   -60,    -58,    53,   -56, 
2007-08-07, 21:07,  -83,    31,   -57,    -58,    53,   -55, 
2007-08-17, 21:07,  -85,    25,   -55,    -58,    53,   -55, 
2007-08-27, 21:07,  -81,    24,   -53,    -57,    52,   -55, 
2007-09-06, 21:07,  -83,    24,   -53,    -57,    52,   -55, 
2007-09-16, 21:07,  -80,    25,   -52,    -57,    52,   -54, 
2007-09-26, 21:07,  -77,    20,   -49,    -57,    51,   -54, 
2007-10-06, 21:07,  -78,    22,   -50,    -57,    51,   -54, 
2007-10-16, 21:07,  -71,    23,   -47,    -56,    51,   -54, 
2007-10-26, 21:07,  -68,    34,   -51,    -56,    51,   -54, 
2007-11-05, 21:07,  -62,    31,   -47,    -56,    51,   -53, 
2007-11-15, 21:07,  -64,    35,   -49,    -56,    51,   -53, 
2007-11-25, 21:07,  -63,    35,   -49,    -56,    50,   -53, 
2007-12-05, 21:07,  -57,    44,   -51,    -56,    50,   -53, 
2007-12-15, 21:07,  -52,    52,   -52,    -56,    50,   -53, 
2007-12-25, 21:07,  -42,    63,   -52,    -56,    50,   -53, 
2008-01-04, 21:07,  -38,    62,   -50,    -56,    50,   -53, 
2008-01-14, 21:07,  -36,    62,   -49,    -56,    51,   -53, 
2008-01-24, 21:07,  -31,    60,   -46,    -56,    51,   -53, 
2008-02-03, 21:07,  -27,    73,   -50,    -56,    51,   -53, 
2008-02-13, 21:07,  -29,    72,   -51,    -56,    51,   -53, 
2008-02-23, 21:07,  -28,    76,   -52,    -56,    51,   -54, 
2008-03-04, 21:07,  -32,    78,   -55,    -56,    51,   -54, 
2008-03-14, 21:07,  -30,    78,   -54,    -56,    52,   -54, 
2008-03-24, 21:07,  -38,    75,   -57,    -56,    52,   -54, 
2008-04-03, 21:07,  -37,    81,   -59,    -56,    52,   -54, 
2008-04-13, 21:07,  -36,    76,   -56,    -55,    53,   -54, 
2008-04-23, 21:07,  -40,    72,   -56,    -55,    53,   -54, 
2008-05-03, 21:07,  -41,    67,   -54,    -55,    53,   -54, 
2008-05-13, 21:07,  -46,    67,   -57,    -55,    54,   -54, 
2008-05-23, 21:07,  -49,    65,   -57,    -55,    54,   -55, 
2008-06-02, 21:07,  -65,    58,   -61,    -55,    55,   -55, 
2008-06-12, 21:07,  -63,    54,   -58,    -55,    55,   -55, 
2008-06-22, 21:07,  -65,    51,   -58,    -55,    55,   -55, 
2008-07-02, 21:07,  -65,    47,   -56,    -54,    56,   -55, 
2008-07-12, 21:07,  -73,    44,   -58,    -54,    56,   -55, 
2008-07-22, 21:07,  -76,    44,   -60,    -54,    56,   -55, 
2008-08-01, 21:07,  -79,    45,   -62,    -54,    56,   -55, 
2008-08-11, 21:07,  -81,    45,   -63,    -54,    57,   -55, 
2008-08-21, 21:07,  -75,    42,   -58,    -53,    57,   -55, 
2008-08-31, 21:07,  -67,    37,   -52,    -53,    57,   -55, 
2008-09-10, 21:07,  -71,    30,   -51,    -53,    57,   -55, 
2008-09-20, 21:07,  -75,    28,   -51,    -53,    57,   -55, 
2008-09-30, 21:07,  -75,    31,   -53,    -53,    57,   -55, 
2008-10-10, 21:07,  -72,    33,   -53,    -52,    57,   -55, 
2008-10-20, 21:07,  -76,    34,   -55,    -52,    57,   -55, 
2008-10-30, 21:07,  -78,    34,   -56,    -52,    57,   -55, 
2008-11-09, 21:07,  -68,    42,   -55,    -52,    57,   -54, 
2008-11-19, 21:07,  -54,    44,   -49,    -52,    57,   -54, 
2008-11-29, 21:07,  -54,    48,   -51,    -51,    57,   -54, 
2008-12-09, 21:07,  -50,    48,   -49,    -51,    56,   -54, 
2008-12-19, 21:07,  -50,    68,   -59,    -51,    56,   -54, 
2008-12-29, 21:07,  -41,    75,   -58,    -51,    56,   -53, 
2009-01-08, 21:07,  -34,    76,   -55,    -50,    56,   -53, 
2009-01-18, 21:07,  -28,    74,   -51,    -50,    56,   -53, 
2009-01-28, 21:07,  -26,    72,   -49,    -50,    55,   -53, 
2009-02-07, 21:07,  -24,    71,   -48,    -49,    55,   -52, 
2009-02-17, 21:07,  -24,    73,   -48,    -49,    55,   -52, 
2009-02-27, 21:07,  -22,    79,   -50,    -49,    55,   -52, 
2009-03-09, 21:07,  -16,    80,   -48,    -49,    54,   -51, 
2009-03-19, 21:07,  -23,    82,   -52,    -48,    54,   -51, 
2009-03-29, 21:07,  -22,    81,   -52,    -48,    54,   -51, 
2009-04-08, 21:07,  -32,    81,   -56,    -48,    54,   -51, 
2009-04-18, 21:07,  -31,    79,   -55,    -47,    54,   -50, 
2009-04-28, 21:07,  -36,    70,   -53,    -47,    53,   -50, 
2009-05-08, 21:07,  -36,    60,   -48,    -47,    53,   -50, 
2009-05-18, 21:07,  -37,    55,   -46,    -47,    53,   -50, 
2009-05-28, 21:07,  -38,    56,   -47,    -46,    53,   -50, 
2009-06-07, 21:07,  -47,    52,   -50,    -46,    53,   -50, 
2009-06-17, 21:07,  -55,    45,   -50,    -46,    53,   -49, 
2009-06-27, 21:07,  -52,    39,   -46,    -46,    53,   -49, 
2009-07-07, 21:07,  -54,    39,   -47,    -45,    53,   -49, 
2009-07-17, 21:07,  -59,    39,   -49,    -45,    53,   -49, 
2009-07-27, 21:07,  -65,    35,   -50,    -45,    53,   -49, 
2009-08-06, 21:07,  -65,    30,   -47,    -45,    52,   -49, 
2009-08-16, 21:07,  -65,    29,   -47,    -45,    52,   -49, 
2009-08-26, 21:07,  -69,    28,   -49,    -45,    52,   -49, 
2009-09-05, 21:07,  -70,    29,   -50,    -45,    52,   -49, 
2009-09-15, 21:07,  -64,    24,   -44,    -45,    52,   -49, 
2009-09-25, 21:07,  -69,    27,   -48,    -45,    52,   -49, 
2009-10-05, 21:07,  -73,    24,   -48,    -45,    52,   -48, 
2009-10-15, 21:07,  -71,    35,   -53,    -45,    52,   -48, 
2009-10-25, 21:07,  -59,    37,   -48,    -45,    52,   -48, 
2009-11-04, 21:07,  -53,    41,   -47,    -45,    51,   -48, 
2009-11-14, 21:07,  -51,    39,   -45,    -45,    51,   -48, 
2009-11-24, 21:07,  -49,    41,   -45,    -45,    51,   -48, 
2009-12-04, 21:07,  -55,    40,   -48,    -46,    51,   -48, 
2009-12-14, 21:07,  -38,    47,   -42,    -46,    51,   -48, 
2009-12-24, 21:07,  -23,    57,   -40,    -46,    50,   -48, 
2010-01-03, 21:07,  -18,    60,   -39,    -46,    50,   -48, 
2010-01-13, 21:07,  -29,    63,   -46,    -45,    50,   -48, 
2010-01-23, 21:07,  -32,    64,   -48,    -45,    50,   -48, 
2010-02-02, 21:07,  -23,    87,   -55,    -45,    50,   -47, 
2010-02-12, 21:07,  -28,    80,   -54,    -45,    49,   -47, 
2010-02-22, 21:07,  -19,    91,   -55,    -45,    49,   -47, 
2010-03-04, 21:07,  -17,    65,   -41,    -45,    49,   -47, 
2010-03-14, 21:07,  -22,    69,   -46,    -44,    49,   -46, 
2010-03-24, 21:07,  -25,    68,   -47,    -44,    48,   -46, 
2010-04-03, 21:07,  -32,    73,   -52,    -44,    48,   -46, 
2010-04-13, 21:07,  -28,    58,   -43,    -43,    48,   -45, 
2010-04-23, 21:07,  -31,    63,   -47,    -43,    47,   -45, 
2010-05-03, 21:07,  -30,    67,   -48,    -42,    47,   -45, 
2010-05-13, 21:07,  -32,    68,   -50,    -42,    47,   -44, 
2010-05-23, 21:07,  -41,    55,   -48,    -41,    46,   -44, 
2010-06-02, 21:07,  -45,    51,   -48,    -40,    46,   -43, 
2010-06-12, 21:07,  -44,    47,   -46,    -40,    46,   -43, 
2010-06-22, 21:07,  -51,    39,   -45,    -39,    45,   -42, 
2010-07-02, 21:07,  -49,    39,   -44,    -38,    45,   -42, 
2010-07-12, 21:07,  -52,    35,   -44,    -37,    45,   -41, 
2010-07-22, 21:07,  -51,    32,   -42,    -36,    44,   -40, 
2010-08-01, 21:07,  -58,    28,   -43,    -36,    44,   -40, 
2010-08-11, 21:07,  -58,    25,   -42,    -35,    44,   -39, 
2010-08-21, 21:07,  -54,    20,   -37,    -34,    43,   -38, 
2010-08-31, 21:07,  -53,    15,   -34,    -33,    43,   -38, 
2010-09-10, 21:07,  -53,    13,   -33,    -32,    42,   -37, 
2010-09-20, 21:07,  -52,    18,   -35,    -31,    42,   -37, 
2010-09-30, 21:07,  -51,    20,   -35,    -30,    41,   -36, 
2010-10-10, 21:07,  -54,    22,   -38,    -29,    41,   -35, 
2010-10-20, 21:07,  -57,    22,   -39,    -29,    41,   -35, 
2010-10-30, 21:07,  -51,    18,   -35,    -28,    40,   -34, 
2010-11-09, 21:07,  -45,    21,   -33,    -27,    40,   -33, 
2010-11-19, 21:07,  -44,    26,   -35,    -26,    40,   -33, 
2010-11-29, 21:07,  -28,    43,   -36,    -25,    39,   -32, 
2010-12-09, 21:07,  -14,    51,   -32,    -25,    39,   -32, 
2010-12-19, 21:07,   -5,    50,   -28,    -24,    39,   -31, 
2010-12-29, 21:07,   -4,    49,   -27,    -23,    39,   -31, 
2011-01-08, 21:07,    8,    41,   -16,    -22,    38,   -30, 
2011-01-18, 21:07,    1,    46,   -22,    -22,    38,   -30, 
2011-01-28, 21:07,   12,    52,   -20,    -21,    38,   -30, 
2011-02-07, 21:07,    9,    58,   -25,    -20,    38,   -29, 
2011-02-17, 21:07,   11,    59,   -24,    -20,    38,   -29, 
2011-02-27, 21:07,    3,    63,   -30,    -19,    38,   -29, 
2011-03-09, 21:07,    7,    69,   -31,    -19,    38,   -28, 
2011-03-19, 21:07,    5,    48,   -22,    -18,    38,   -28, 
2011-03-29, 21:07,   -6,    45,   -26,    -18,    38,   -28, 
2011-04-08, 21:07,   -4,    47,   -25,    -17,    39,   -28, 
2011-04-18, 21:07,   -0,    51,   -26,    -17,    39,   -28, 
2011-04-28, 21:07,    0,    51,   -25,    -16,    39,   -28, 
2011-05-08, 21:07,    1,    49,   -24,    -16,    39,   -28, 
2011-05-18, 21:07,   -4,    47,   -26,    -16,    40,   -28, 
2011-05-28, 21:07,  -18,    46,   -32,    -16,    40,   -28, 
2011-06-07, 21:07,  -23,    45,   -34,    -15,    40,   -28, 
2011-06-17, 21:07,  -20,    42,   -31,    -15,    41,   -28, 
2011-06-27, 21:07,  -20,    33,   -27,    -15,    41,   -28, 
2011-07-07, 21:07,  -25,    30,   -27,    -15,    42,   -28, 
2011-07-17, 21:07,  -28,    29,   -28,    -14,    42,   -28, 
2011-07-27, 21:07,  -27,    30,   -29,    -14,    42,   -28, 
2011-08-06, 21:07,  -34,    28,   -31,    -14,    43,   -28, 
2011-08-16, 21:07,  -38,    31,   -34,    -14,    43,   -28, 
2011-08-26, 21:07,  -35,    29,   -32,    -14,    43,   -29, 
2011-09-05, 21:07,  -31,    24,   -27,    -14,    43,   -29, 
2011-09-15, 21:07,  -32,    23,   -28,    -14,    44,   -29, 
2011-09-25, 21:07,  -37,    24,   -30,    -14,    44,   -29, 
2011-10-05, 21:07,  -32,    27,   -29,    -13,    44,   -29, 
2011-10-15, 21:07,  -29,    24,   -27,    -13,    44,   -29, 
2011-10-25, 21:07,  -29,    26,   -28,    -13,    44,   -28, 
2011-11-04, 21:07,  -30,    33,   -32,    -13,    44,   -28, 
2011-11-14, 21:07,  -26,    36,   -31,    -12,    44,   -28, 
2011-11-24, 21:07,  -16,    38,   -27,    -12,    44,   -28, 
2011-12-04, 21:07,  -13,    41,   -27,    -12,    44,   -28, 
2011-12-14, 21:07,   -5,    45,   -25,    -11,    44,   -28, 
2011-12-24, 21:07,   -7,    49,   -28,    -11,    43,   -27, 
2012-01-03, 21:07,   -7,    49,   -28,    -11,    43,   -27, 
2012-01-13, 21:07,   -7,    50,   -28,    -10,    43,   -27, 
2012-01-23, 21:07,    2,    56,   -27,    -10,    43,   -26, 
2012-02-02, 21:07,    2,    66,   -32,     -9,    42,   -26, 
2012-02-12, 21:07,    7,    59,   -26,     -8,    42,   -25, 
2012-02-22, 21:07,    8,    55,   -23,     -8,    42,   -25, 
2012-03-03, 21:07,   17,    53,   -18,     -7,    41,   -24, 
2012-03-13, 21:07,    8,    60,   -26,     -6,    41,   -24, 
2012-03-23, 21:07,    8,    71,   -32,     -6,    41,   -23, 
2012-04-02, 21:07,   11,    68,   -28,     -5,    40,   -23, 
2012-04-12, 21:07,    8,    61,   -27,     -4,    40,   -22, 
2012-04-22, 21:07,    8,    49,   -21,     -4,    39,   -21, 
2012-05-02, 21:07,    8,    51,   -21,     -3,    38,   -21, 
2012-05-12, 21:07,    6,    47,   -21,     -2,    38,   -20, 
2012-05-22, 21:07,    1,    50,   -25,     -1,    37,   -19, 
2012-06-01, 21:07,   -5,    42,   -23,     -1,    37,   -19, 
2012-06-11, 21:07,   -2,    36,   -19,      0,    36,   -18, 
2012-06-21, 21:07,   -2,    33,   -17,      1,    35,   -17, 
2012-07-01, 21:07,   -4,    26,   -15,      1,    35,   -17, 
2012-07-11, 21:07,   -5,    23,   -14,      2,    34,   -16, 
2012-07-21, 21:07,   -9,    17,   -13,      3,    33,   -15, 
2012-07-31, 21:07,   -9,    16,   -13,      4,    32,   -14, 
2012-08-10, 21:07,  -15,    11,   -13,      4,    31,   -14, 
2012-08-20, 21:07,   -6,    10,    -8,      5,    31,   -13, 
2012-08-30, 21:07,   -7,     8,    -7,      5,    30,   -12, 
2012-09-09, 21:07,   -5,     8,    -7,      6,    29,   -11, 
2012-09-19, 21:07,   -9,     6,    -7,      6,    28,   -11, 
2012-09-29, 21:07,   -1,     9,    -5,      7,    27,   -10, 
2012-10-09, 21:07,    1,     8,    -3,      7,    26,    -9, 
2012-10-19, 21:07,    1,     3,    -1,      8,    25,    -9, 
2012-10-29, 21:07,    5,     1,     2,      8,    24,    -8, 
2012-11-08, 21:07,   12,     2,     5,      9,    23,    -7, 
2012-11-18, 21:07,   15,     1,     7,      9,    22,    -7, 
2012-11-28, 21:07,   13,    15,    -1,      9,    21,    -6, 
2012-12-08, 21:07,   12,    22,    -5,     10,    20,    -5, 
2012-12-18, 21:07,   16,    25,    -4,     10,    19,    -5, 
2012-12-28, 21:07,   10,    30,   -10,     10,    18,    -4, 
2013-01-07, 21:07,   16,    31,    -8,     11,    17,    -3, 
2013-01-17, 21:07,   18,    33,    -8,     11,    16,    -3, 
2013-01-27, 21:07,   18,    33,    -8,     11,    15,    -2, 
2013-02-06, 21:07,   15,    46,   -16,     11,    14,    -1, 
2013-02-16, 21:07,   20,    38,    -9,     12,    14,    -1, 
2013-02-26, 21:07,   20,    39,   -10,     12,    13,    -0, 
2013-03-08, 21:07,   16,    30,    -7,     12,    12,     0, 
2013-03-18, 21:07,   12,    35,   -11,     12,    11,     1, 
2013-03-28, 21:07,    9,    25,    -8,     12,    10,     1, 
2013-04-07, 21:07,   10,    27,    -8,     12,     9,     2, 
2013-04-17, 21:07,   11,    28,    -9,     12,     8,     2, 
2013-04-27, 21:07,   14,    22,    -4,     12,     7,     3, 
2013-05-07, 21:07,   13,    16,    -2,     12,     6,     3, 
2013-05-17, 21:07,    7,     3,     2,     12,     5,     3, 
2013-05-27, 21:07,   14,    -3,     9,     12,     4,     4, 
2013-06-06, 21:07,   16,    -7,    12,     12,     4,     4, 
2013-06-16, 21:07,   15,   -13,    14,     12,     3,     4, 
2013-06-26, 21:07,    2,    -8,     5,     11,     2,     5, 
2013-07-06, 21:07,    4,   -21,    12,     11,     1,     5, 
2013-07-16, 21:07,    9,   -18,    13,     11,     0,     5, 
2013-07-26, 21:07,   10,   -14,    12,     10,    -1,     5, 
2013-08-05, 21:07,   10,   -10,    10,     10,    -1,     6, 
2013-08-15, 21:07,   11,   -14,    12,     10,    -2,     6, 
2013-08-25, 21:07,   11,   -13,    12,      9,    -3,     6, 
2013-09-04, 21:07,   14,   -14,    14,      9,    -4,     6, 
2013-09-14, 21:07,   10,   -10,    10,      8,    -4,     6, 
2013-09-24, 21:07,   10,    -9,     9,      8,    -5,     6, 
2013-10-04, 21:07,   10,   -11,    10,      7,    -6,     6, 
2013-10-14, 21:07,   13,   -13,    13,      6,    -6,     6, 
2013-10-24, 21:07,   14,   -16,    15,      6,    -7,     6, 
2013-11-03, 21:07,    8,   -13,    11,      5,    -7,     6, 
2013-11-13, 21:07,   10,   -10,    10,      5,    -8,     6, 
2013-11-23, 21:07,    7,   -17,    12,      4,    -9,     6, 
2013-12-03, 21:07,    5,   -15,    10,      3,    -9,     6, 
2013-12-13, 21:07,    3,   -15,     9,      3,   -10,     6, 
2013-12-23, 21:07,    2,   -12,     7,      2,   -10,     6, 
2014-01-02, 21:07,   -3,   -12,     4,      2,   -11,     6, 
2014-01-12, 21:07,  -10,    -9,    -0,      1,   -11,     6, 
2014-01-22, 21:07,  -10,    -6,    -2,      1,   -11,     6, 
2014-02-01, 21:07,   -8,    -6,    -1,      0,   -12,     6, 
2014-02-11, 21:07,   -2,    -6,     2,     -0,   -12,     6, 
2014-02-21, 21:07,    1,    -6,     3,     -1,   -13,     6, 
2014-03-03, 21:07,   -3,    -2,    -1,     -1,   -13,     6, 
2014-03-13, 21:07,   -8,    -5,    -2,     -1,   -14,     6, 
2014-03-23, 21:07,   -9,    -5,    -2,     -1,   -14,     6, 
2014-04-02, 21:07,   -4,    -7,     1,     -2,   -15,     7, 
2014-04-12, 21:07,   -4,    -5,     0,     -2,   -15,     7, 
2014-04-22, 21:07,   -3,   -10,     3,     -2,   -16,     7, 
2014-05-02, 21:07,   -3,   -11,     4,     -2,   -16,     7, 
2014-05-12, 21:07,   -2,   -15,     6,     -2,   -17,     7, 
2014-05-22, 21:07,    0,   -14,     7,     -2,   -18,     8, 
2014-06-01, 21:07,   -1,   -20,    10,     -2,   -18,     8, 
2014-06-11, 21:07,   -0,   -20,    10,     -2,   -19,     9, 
2014-06-21, 21:07,   -6,   -20,     7,     -2,   -20,     9, 
2014-07-01, 21:07,   -6,   -21,     7,     -1,   -21,    10, 
2014-07-11, 21:07,   -2,   -20,     9,     -1,   -22,    10, 
2014-07-21, 21:07,    0,   -21,    10,     -1,   -23,    11, 
2014-07-31, 21:07,    5,   -22,    13,     -1,   -24,    11, 
2014-08-10, 21:07,    6,   -21,    14,     -1,   -25,    12, 
2014-08-20, 21:07,    9,   -26,    17,     -0,   -26,    13, 
2014-08-30, 21:07,    5,   -24,    14,      0,   -27,    14, 
2014-09-09, 21:07,    3,   -30,    17,      1,   -28,    14, 
2014-09-19, 21:07,    6,   -36,    21,      1,   -29,    15, 
2014-09-29, 21:07,    2,   -40,    21,      1,   -31,    16, 
2014-10-09, 21:07,    1,   -37,    19,      2,   -32,    17, 
2014-10-19, 21:07,   -1,   -34,    16,      2,   -33,    18, 
2014-10-29, 21:07,    5,   -34,    20,      3,   -35,    19, 
2014-11-08, 21:07,    3,   -38,    21,      3,   -36,    20, 
2014-11-18, 21:07,    6,   -44,    25,      4,   -38,    21, 
2014-11-28, 21:07,    6,   -45,    26,      4,   -39,    22, 
2014-12-08, 21:07,    0,   -44,    22,      5,   -41,    23, 
2014-12-18, 21:07,   -6,   -40,    17,      5,   -42,    24, 
2014-12-28, 21:07,   -8,   -44,    18,      6,   -44,    25, 
2015-01-07, 21:07,    1,   -43,    22,      6,   -45,    26, 
2015-01-17, 21:07,    9,   -45,    27,      7,   -47,    27, 
2015-01-27, 21:07,   18,   -41,    29,      7,   -48,    28, 
2015-02-06, 21:07,   12,   -44,    28,      8,   -50,    29, 
2015-02-16, 21:07,    8,   -48,    28,      8,   -51,    30, 
2015-02-26, 21:07,    8,   -50,    29,      9,   -53,    31, 
2015-03-08, 21:07,   15,   -51,    33,      9,   -54,    32, 
2015-03-18, 21:07,   26,   -50,    38,     10,   -56,    33, 
2015-03-28, 21:07,   23,   -54,    38,     10,   -57,    34, 
2015-04-07, 21:07,   15,   -56,    36,     10,   -59,    35, 
2015-04-17, 21:07,   11,   -59,    35,     11,   -60,    35, 
2015-04-27, 21:07,   13,   -63,    38,     11,   -61,    36, 
2015-05-07, 21:07,   16,   -66,    41,     12,   -63,    37, 
2015-05-17, 21:07,   15,   -71,    43,     12,   -64,    38, 
2015-05-27, 21:07,   12,   -81,    47,     13,   -66,    39, 
2015-06-06, 21:07,    6,   -76,    41,     13,   -67,    40, 
2015-06-16, 21:07,    5,   -75,    40,     13,   -69,    41, 
2015-06-26, 21:07,    5,   -74,    39,     14,   -70,    42, 
2015-07-06, 21:07,   10,   -76,    43,     14,   -71,    43, 
2015-07-16, 21:07,   12,   -75,    44,     15,   -72,    43, 
2015-07-26, 21:07,   13,   -71,    42,     15,   -73,    44, 
2015-08-05, 21:07,   12,   -67,    39,     15,   -75,    45, 
2015-08-15, 21:07,   13,   -64,    39,     16,   -76,    46, 
2015-08-25, 21:07,   17,   -64,    41,     16,   -77,    46, 
2015-09-04, 21:07,   19,   -68,    43,     17,   -77,    47, 
2015-09-14, 21:07,   19,   -68,    44,     17,   -78,    48, 
2015-09-24, 21:07,   20,   -70,    45,     18,   -79,    48, 
2015-10-04, 21:07,   22,   -71,    47,     18,   -80,    49, 
2015-10-14, 21:07,   24,   -67,    45,     19,   -80,    49, 
2015-10-24, 21:07,   26,   -69,    48,     19,   -81,    50, 
2015-11-03, 21:07,   26,   -67,    46,     20,   -81,    50, 
2015-11-13, 21:07,   26,   -75,    51,     20,   -82,    51, 
2015-11-23, 21:07,   22,   -74,    48,     21,   -82,    51, 
2015-12-03, 21:07,   20,   -84,    52,     21,   -82,    52, 
2015-12-13, 21:07,   18,   -89,    53,     22,   -82,    52, 
2015-12-23, 21:07,   21,   -92,    56,     22,   -82,    52, 
2016-01-02, 21:07,   19,   -82,    50,     23,   -82,    52, 
2016-01-12, 21:07,   25,   -86,    56,     23,   -82,    53, 
2016-01-22, 21:07,   21,   -84,    52,     24,   -82,    53, 
2016-02-01, 21:07,   22,   -94,    58,     24,   -81,    53, 
2016-02-11, 21:07,   16,   -91,    54,     25,   -81,    53, 
2016-02-21, 21:07,   19,   -94,    56,     25,   -81,    53, 
2016-03-02, 21:07,   15,   -94,    54,     26,   -80,    53, 
2016-03-12, 21:07,   21,   -92,    56,     26,   -80,    53, 
2016-03-22, 21:07,   26,   -94,    60,     27,   -80,    53, 
2016-04-01, 21:07,   28,   -93,    61,     27,   -79,    53, 
2016-04-11, 21:07,   29,   -98,    64,     28,   -79,    53, 
2016-04-21, 21:07,   30,  -101,    66,     28,   -78,    53, 
2016-05-01, 21:07,   33,  -100,    66,     29,   -78,    53, 
2016-05-11, 21:07,   36,   -96,    66,     29,   -77,    53, 
2016-05-21, 21:07,   28,   -85,    56,     30,   -77,    53, 
2016-05-31, 21:07,   31,   -82,    57,     30,   -76,    53, 
2016-06-10, 21:07,   32,   -78,    55,     31,   -75,    53, 
2016-06-20, 21:07,   33,   -74,    54,     31,   -75,    53, 
2016-06-30, 21:07,   33,   -65,    49,     31,   -74,    53, 
2016-07-10, 21:07,   36,   -65,    50,     32,   -74,    53, 
2016-07-20, 21:07,   41,   -60,    50,     32,   -74,    53, 
2016-07-30, 21:07,   37,   -55,    46,     33,   -73,    53, 
2016-08-09, 21:07,   35,   -50,    43,     33,   -73,    53, 
2016-08-19, 21:07,   37,   -44,    40,     34,   -72,    53, 
2016-08-29, 21:07,   43,   -46,    44,     34,   -72,    53, 
2016-09-08, 21:07,   42,   -42,    42,     35,   -72,    53, 
2016-09-18, 21:07,   42,   -38,    40,     35,   -71,    53, 
2016-09-28, 21:07,   39,   -41,    40,     36,   -71,    54, 
2016-10-08, 21:07,   39,   -34,    37,     37,   -71,    54, 
2016-10-18, 21:07,   35,   -44,    40,     37,   -71,    54, 
2016-10-28, 21:07,   35,   -45,    40,     38,   -70,    54, 
2016-11-07, 21:07,   39,   -48,    43,     38,   -70,    54, 
2016-11-17, 21:07,   43,   -50,    46,     39,   -70,    55, 
2016-11-27, 21:07,   40,   -61,    50,     40,   -70,    55, 
2016-12-07, 21:07,   30,   -71,    51,     40,   -70,    55, 
2016-12-17, 21:07,   32,   -80,    56,     41,   -70,    55, 
2016-12-27, 21:07,   36,   -79,    57,     42,   -70,    56, 
2017-01-06, 21:07,   45,   -95,    70,     42,   -70,    56, 
2017-01-16, 21:07,   37,  -103,    70,     43,   -69,    56, 
2017-01-26, 21:07,   36,  -103,    70,     44,   -69,    57, 
2017-02-05, 21:07,   32,   -96,    64,     45,   -69,    57, 
2017-02-15, 21:07,   35,   -94,    65,     45,   -69,    57, 
2017-02-25, 21:07,   37,  -100,    68,     46,   -69,    58, 
2017-03-07, 21:07,   40,  -105,    73,     47,   -69,    58, 
2017-03-17, 21:07,   46,  -100,    73,     47,   -69,    58, 
2017-03-27, 21:07,   44,   -95,    70,     48,   -70,    59, 
2017-04-06, 21:07,   48,   -90,    69,     49,   -70,    59, 
2017-04-16, 21:07,   41,   -86,    64,     49,   -70,    59, 
2017-04-26, 21:07,   41,   -81,    61,     50,   -70,    60, 
2017-05-06, 21:07,   38,   -81,    60,     50,   -70,    60, 
2017-05-16, 21:07,   43,   -77,    60,     51,   -70,    60, 
2017-05-26, 21:07,   49,   -71,    60,     51,   -70,    61, 
2017-06-05, 21:07,   50,   -66,    58,     52,   -70,    61, 
2017-06-15, 21:07,   55,   -63,    59,     52,   -71,    61, 
2017-06-25, 21:07,   60,   -61,    60,     53,   -71,    62, 
2017-07-05, 21:07,   63,   -57,    60,     53,   -71,    62, 
2017-07-15, 21:07,   61,   -57,    59,     53,   -71,    62, 
2017-07-25, 21:07,   55,   -58,    57,     54,   -71,    62, 
2017-08-04, 21:07,   72,   -44,    58,     54,   -71,    63, 
2017-08-14, 21:07,   71,   -47,    59,     54,   -71,    63, 
2017-08-24, 21:07,   73,   -44,    58,     55,   -72,    63, 
2017-09-03, 21:07,   71,   -44,    58,     55,   -72,    63, 
2017-09-13, 21:07,   67,   -41,    54,     55,   -72,    63, 
2017-09-23, 21:07,   68,   -47,    58,     56,   -72,    64, 
2017-10-03, 21:07,   68,   -51,    60,     56,   -72,    64, 
2017-10-13, 21:07,   73,   -56,    64,     56,   -72,    64, 
2017-10-23, 21:07,   71,   -55,    63,     56,   -72,    64, 
2017-11-02, 21:07,   69,   -56,    62,     57,   -72,    64, 
2017-11-12, 21:07,   65,   -53,    59,     57,   -72,    64, 
2017-11-22, 21:07,   58,   -74,    66,     57,   -72,    64, 
2017-12-02, 21:07,   54,   -72,    63,     57,   -71,    64, 
2017-12-12, 21:07,   53,   -72,    63,     57,   -71,    64, 
2017-12-22, 21:07,   50,   -69,    60,     58,   -71,    64, 
2018-01-01, 21:07,   53,   -76,    64,     58,   -71,    64, 
2018-01-11, 21:07,   47,   -86,    66,     58,   -71,    64, 
2018-01-21, 21:07,   36,   -88,    62,     58,   -71,    64, 
2018-01-31, 21:07,   36,   -97,    67,     59,   -70,    64, 
2018-02-10, 21:07,   35,  -103,    69,     59,   -70,    64, 
2018-02-20, 21:07,   38,  -106,    72,     59,   -70,    64, 
2018-03-02, 21:07,   36,  -106,    71,     59,   -70,    64, 
2018-03-12, 21:07,   36,   -93,    64,     60,   -69,    64, 
2018-03-22, 21:07,   38,   -94,    66,     60,   -69,    64, 
2018-04-01, 21:07,   44,   -86,    65,     60,   -69,    64, 
2018-04-11, 21:07,   48,   -90,    69,     60,   -68,    64, 
2018-04-21, 21:07,   51,   -80,    65,     60,   -68,    64, 
2018-05-01, 21:07,   56,   -84,    70,     61,   -68,    64, 
2018-05-11, 21:07,   58,   -80,    69,     61,   -67,    64, 
2018-05-21, 21:07,   62,   -79,    71,     61,   -67,    64, 
2018-05-31, 21:07,   60,   -70,    65,     61,   -67,    64, 
2018-06-10, 21:07,   68,   -67,    67,     61,   -66,    64, 
2018-06-20, 21:07,   71,   -68,    69,     62,   -66,    64, 
2018-06-30, 21:07,   70,   -60,    65,     62,   -66,    64, 
2018-07-10, 21:07,   73,   -53,    63,     62,   -65,    64, 
2018-07-20, 21:07,   79,   -45,    62,     62,   -65,    64, 
2018-07-30, 21:07,   79,   -44,    61,     62,   -65,    64, 
2018-08-09, 21:07,   78,   -41,    60,     63,   -64,    64, 
2018-08-19, 21:07,   84,   -38,    61,     63,   -64,    64, 
2018-08-29, 21:07,   88,   -38,    63,     63,   -63,    63, 
2018-09-08, 21:07,   86,   -37,    61,     63,   -63,    63, 
2018-09-18, 21:07,   81,   -34,    57,     64,   -63,    63, 
2018-09-28, 21:07,   79,   -34,    56,     64,   -62,    63, 
2018-10-08, 21:07,   77,   -40,    59,     64,   -62,    63, 
2018-10-18, 21:07,   70,   -42,    56,     65,   -61,    63, 
2018-10-28, 21:07,   73,   -42,    57,     65,   -61,    63, 
2018-11-07, 21:07,   75,   -40,    58,     65,   -60,    63, 
2018-11-17, 21:07,   82,   -45,    63,     66,   -60,    63, 
2018-11-27, 21:07,   72,   -50,    61,     66,   -60,    63, 
2018-12-07, 21:07,   58,   -58,    58,     67,   -59,    64, 
2018-12-17, 21:07,   61,   -63,    62,     67,   -59,    64, 
2018-12-27, 21:07,   57,   -66,    62,     67,   -59,    64, 
2019-01-06, 21:07,   59,   -66,    63,     68,   -58,    64, 
2019-01-16, 21:07,   48,   -78,    63,     68,   -58,    64, 
2019-01-26, 21:07,   46,   -85,    65,     69,   -58,    64, 
2019-02-05, 21:07,   46,   -87,    67,     69,   -58,    64, 
2019-02-15, 21:07,   45,   -82,    64,     70,   -57,    64, 
2019-02-25, 21:07,   43,   -88,    65,     70,   -57,    64, 
2019-03-07, 21:07,   47,   -76,    62,     70,   -57,    64, 
2019-03-17, 21:07,   46,   -75,    61,     71,   -57,    64, 
2019-03-27, 21:07,   50,   -78,    64,     71,   -57,    64, 
2019-04-06, 21:07,   52,   -82,    67,     72,   -56,    64, 
2019-04-16, 21:07,   59,   -72,    66,     72,   -56,    64, 
2019-04-26, 21:07,   60,   -69,    65,     72,   -56,    64, 
2019-05-06, 21:07,   64,   -66,    65,     73,   -56,    64, 
2019-05-16, 21:07,   66,   -63,    65,     73,   -56,    64, 
2019-05-26, 21:07,   73,   -58,    66,     73,   -56,    64, 
2019-06-05, 21:07,   75,   -57,    66,     73,   -56,    63, 
2019-06-15, 21:07,   77,   -57,    67,     74,   -55,    63, 
2019-06-25, 21:07,   83,   -48,    65,     74,   -55,    63, 
2019-07-05, 21:07,   84,   -49,    66,     74,   -55,    63, 
2019-07-15, 21:07,   84,   -48,    66,     74,   -55,    63, 
2019-07-25, 21:07,   86,   -46,    66,     74,   -55,    63, 
2019-08-04, 21:07,   90,   -38,    64,     74,   -55,    62, 
2019-08-14, 21:07,   94,   -36,    65,     74,   -55,    62, 
2019-08-24, 21:07,   94,   -34,    64,     74,   -55,    62, 
2019-09-03, 21:07,  102,   -34,    68,     74,   -55,    62, 
2019-09-13, 21:07,  104,   -35,    70,     74,   -55,    61, 
2019-09-23, 21:07,  103,   -38,    71,     73,   -55,    61, 
2019-10-03, 21:07,   98,   -38,    68,     73,   -55,    61, 
2019-10-13, 21:07,   97,   -36,    66,     73,   -55,    60, 
2019-10-23, 21:07,   94,   -42,    68,     73,   -55,    60, 
2019-11-02, 21:07,   83,   -46,    64,     72,   -55,    60, 
2019-11-12, 21:07,   80,   -48,    64,     72,   -55,    59, 
2019-11-22, 21:07,   73,   -46,    60,     71,   -55,    59, 
2019-12-02, 21:07,   81,   -42,    61,     71,   -55,    59, 
2019-12-12, 21:07,   62,   -60,    61,     70,   -55,    58, 
2019-12-22, 21:07,   62,   -60,    61,     70,   -55,    58, 
2020-01-01, 21:07,   54,   -53,    54,     69,   -55,    58, 
2020-01-11, 21:07,  XXX,   XXX,     0,    XXX,   XXX,    57, 
2020-01-21, 21:07,  XXX,   XXX,     0,    XXX,   XXX,    57, 
2020-01-31, 21:07,   48,   -89,    69,     67,   -56,    57, 
2020-02-10, 21:07,   45,   -77,    61,     66,   -56,    56, 
2020-02-20, 21:07,   43,   -76,    59,     65,   -56,    56, 
2020-03-01, 21:07,   39,   -71,    55,     65,   -57,    56, 
2020-03-11, 21:07,   35,   -76,    56,     64,   -57,    56, 
2020-03-21, 21:07,   42,   -69,    55,     63,   -58,    55, 
2020-03-31, 21:07,   48,   -61,    55,     62,   -58,    55, 
2020-04-10, 21:07,   51,   -65,    58,     61,   -58,    55, 
2020-04-20, 21:07,   51,   -67,    59,     60,   -59,    55, 
2020-04-30, 21:07,   51,   -63,    57,     59,   -59,    54, 
2020-05-10, 21:07,   53,   -59,    56,     58,   -60,    54, 
2020-05-20, 21:07,   54,   -60,    57,     57,   -61,    54, 
2020-05-30, 21:07,   64,   -57,    61,     55,   -61,    54, 
2020-06-09, 21:07,   67,   -54,    60,     54,   -62,    53, 

